사고번호,사고일시,요일,시군구,사고내용,사망자수,중상자수,경상자수,부상신고자수,사고유형,법규위반,노면상태,기상상태,도로형태,가해운전자 차종,가해운전자 성별,가해운전자 연령,가해운전자 상해정도,피해운전자 차종,피해운전자 성별,피해운전자 연령,피해운전자 상해정도
2019052100100624,2019년 5월 21일 19시,화요일,대전광역시 유성구 송강동,경상사고,0,0,1,0,차대사람 - 기타,보행자보호의무위반,건조,맑음,단일로 - 기타,승합,남,25세,상해없음,보행자,남,59세,경상
2019052200100318,2019년 5월 22일 12시,수요일,대전광역시 중구 중촌동,경상사고,0,0,1,0,차대사람 - 횡단중,보행자보호의무위반,건조,맑음,단일로 - 기타,승용,남,34세,상해없음,보행자,남,67세,경상
2019052200100427,2019년 5월 22일 15시,수요일,대전광역시 동구 가양동,경상사고,0,0,1,0,차대사람 - 보도통행중,기타,건조,맑음,기타 - 기타,승용,여,79세,상해없음,보행자,여,45세,경상
2019052300100042,2019년 5월 23일 00시,목요일,대전광역시 유성구 봉명동,중상사고,0,1,0,0,차대사람 - 기타,안전운전불이행,건조,맑음,기타 - 기타,승용,남,26세,상해없음,보행자,남,64세,중상
2019052300100504,2019년 5월 23일 17시,목요일,대전광역시 서구 용문동,경상사고,0,0,1,0,차대사람 - 길가장자리구역통행중,안전운전불이행,건조,맑음,기타 - 기타,승용,남,59세,상해없음,보행자,여,59세,경상
2019052300100598,2019년 5월 23일 19시,목요일,대전광역시 동구 천동,경상사고,0,0,1,0,차대사람 - 횡단중,안전운전불이행,건조,맑음,교차로 - 교차로부근,화물,남,52세,상해없음,보행자,남,60세,경상
2019052400100067,2019년 5월 24일 02시,금요일,대전광역시 서구 월평동,중상사고,0,1,0,0,차대사람 - 차도통행중,안전운전불이행,건조,맑음,교차로 - 교차로안,승용,남,27세,상해없음,보행자,남,49세,중상
2019052400100690,2019년 5월 24일 20시,금요일,대전광역시 중구 대사동,부상신고사고,0,0,0,1,차대사람 - 횡단중,보행자보호의무위반,건조,맑음,기타 - 기타,승용,남,63세,상해없음,보행자,남,50세,부상신고
2019052400100721,2019년 5월 24일 21시,금요일,대전광역시 중구 용두동,중상사고,0,1,0,0,차대사람 - 기타,기타,건조,맑음,단일로 - 기타,승용,남,66세,상해없음,보행자,여,32세,중상
2019052400100722,2019년 5월 24일 21시,금요일,대전광역시 동구 성남동,경상사고,0,0,1,0,차대사람 - 횡단중,보행자보호의무위반,건조,맑음,교차로 - 교차로횡단보도내,이륜,남,45세,상해없음,보행자,남,46세,경상
2019052400100785,2019년 5월 24일 23시,금요일,대전광역시 중구 산성동,경상사고,0,0,1,0,차대사람 - 차도통행중,안전운전불이행,건조,맑음,단일로 - 기타,승용,남,27세,상해없음,보행자,남,33세,경상
2019052400100786,2019년 5월 24일 23시,금요일,대전광역시 유성구 봉명동,경상사고,0,0,1,0,차대사람 - 기타,안전운전불이행,건조,맑음,단일로 - 기타,승용,남,25세,상해없음,보행자,여,19세,경상
2019052500100033,2019년 5월 25일 00시,토요일,대전광역시 서구 둔산동,경상사고,0,0,1,0,차대사람 - 횡단중,보행자보호의무위반,건조,맑음,교차로 - 교차로횡단보도내,승용,남,64세,상해없음,보행자,남,21세,경상
2019052500100276,2019년 5월 25일 11시,토요일,대전광역시 중구 은행동,경상사고,0,0,1,0,차대사람 - 보도통행중,안전운전불이행,건조,맑음,단일로 - 기타,승용,남,77세,상해없음,보행자,여,39세,경상
2019052500100610,2019년 5월 25일 20시,토요일,대전광역시 중구 은행동,경상사고,0,0,1,0,차대사람 - 기타,안전운전불이행,건조,맑음,단일로 - 기타,승용,남,63세,상해없음,보행자,남,17세,경상
2019052600100029,2019년 5월 26일 00시,일요일,대전광역시 중구 용두동,중상사고,0,1,0,0,차대사람 - 기타,안전운전불이행,건조,맑음,단일로 - 기타,승용,여,24세,상해없음,보행자,남,44세,중상
2019052600100073,2019년 5월 26일 03시,일요일,대전광역시 서구 둔산동,경상사고,0,0,1,0,차대사람 - 기타,안전운전불이행,건조,맑음,단일로 - 기타,승용,남,24세,기타불명,보행자,남,22세,경상
2019052600100075,2019년 5월 26일 03시,일요일,대전광역시 서구 둔산동,경상사고,0,0,1,0,차대사람 - 기타,안전운전불이행,건조,맑음,단일로 - 기타,승용,남,28세,상해없음,보행자,남,23세,경상
2019052600100302,2019년 5월 26일 14시,일요일,대전광역시 유성구 반석동,중상사고,0,1,0,0,차대사람 - 횡단중,안전운전불이행,건조,맑음,교차로 - 교차로안,승용,여,55세,상해없음,보행자,남,77세,중상
2019052700100040,2019년 5월 27일 01시,월요일,대전광역시 서구 둔산동,경상사고,0,0,1,0,차대사람 - 기타,안전운전불이행,젖음/습기,비,기타 - 기타,기타불명,기타불명,미분류,기타불명,보행자,여,18세,경상
2019052700100285,2019년 5월 27일 11시,월요일,대전광역시 중구 은행동,사망사고,1,0,0,0,차대사람 - 횡단중,안전운전불이행,젖음/습기,비,단일로 - 기타,화물,남,41세,상해없음,보행자,남,52세,사망
2019052700100286,2019년 5월 27일 11시,월요일,대전광역시 중구 은행동,경상사고,0,0,1,0,차대사람 - 길가장자리구역통행중,안전운전불이행,젖음/습기,비,단일로 - 기타,승용,여,58세,상해없음,보행자,남,58세,경상
2019052700100396,2019년 5월 27일 14시,월요일,대전광역시 대덕구 신탄진동,중상사고,0,1,0,0,차대사람 - 기타,안전운전불이행,건조,맑음,단일로 - 기타,승합,남,60세,상해없음,보행자,여,63세,중상
2019052700100457,2019년 5월 27일 16시,월요일,대전광역시 서구 정림동,중상사고,0,1,0,0,차대사람 - 횡단중,신호위반,젖음/습기,비,교차로 - 교차로횡단보도내,승용,여,23세,상해없음,보행자,여,59세,중상
2019052700100497,2019년 5월 27일 17시,월요일,대전광역시 서구 갈마동,경상사고,0,0,1,0,차대사람 - 기타,안전운전불이행,건조,맑음,단일로 - 기타,승용,여,69세,상해없음,보행자,여,69세,경상
2019052700100536,2019년 5월 27일 18시,월요일,대전광역시 중구 문화동,경상사고,0,0,1,0,차대사람 - 차도통행중,안전운전불이행,건조,흐림,단일로 - 기타,승용,남,37세,상해없음,보행자,남,35세,경상
2019052800100049,2019년 5월 28일 01시,화요일,대전광역시 서구 둔산동,경상사고,0,0,1,0,차대사람 - 길가장자리구역통행중,안전운전불이행,건조,맑음,단일로 - 기타,승용,남,41세,상해없음,보행자,남,18세,경상
2019052800100274,2019년 5월 28일 11시,화요일,대전광역시 유성구 봉명동,경상사고,0,0,1,0,차대사람 - 기타,보행자보호의무위반,건조,맑음,단일로 - 기타,승용,여,58세,상해없음,보행자,남,64세,경상
2019052800100384,2019년 5월 28일 14시,화요일,대전광역시 중구 문화동,중상사고,0,1,0,0,차대사람 - 횡단중,보행자보호의무위반,건조,맑음,단일로 - 기타,화물,남,49세,상해없음,보행자,남,70세,중상
2019052800100433,2019년 5월 28일 15시,화요일,대전광역시 대덕구 중리동,중상사고,0,1,0,0,차대사람 - 기타,보행자보호의무위반,건조,맑음,교차로 - 교차로횡단보도내,승용,남,53세,상해없음,보행자,여,60세,중상
2019052800100488,2019년 5월 28일 16시,화요일,대전광역시 중구 대흥동,중상사고,0,1,0,0,차대사람 - 기타,보행자보호의무위반,건조,맑음,단일로 - 기타,승용,남,29세,상해없음,보행자,여,8세,중상
2019052800100611,2019년 5월 28일 18시,화요일,대전광역시 대덕구 읍내동,경상사고,0,0,1,0,차대사람 - 보도통행중,안전운전불이행,건조,맑음,단일로 - 기타,자전거,남,28세,기타불명,보행자,남,43세,경상
2019052800100648,2019년 5월 28일 19시,화요일,대전광역시 서구 괴정동,경상사고,0,0,1,0,차대사람 - 기타,안전운전불이행,건조,맑음,교차로 - 교차로안,승용,남,52세,상해없음,보행자,남,54세,경상
2019052900100417,2019년 5월 29일 15시,수요일,대전광역시 동구 대동,중상사고,0,1,1,0,차대사람 - 횡단중,신호위반,건조,맑음,교차로 - 교차로안,이륜,남,71세,경상,보행자,여,70세,중상
2019052900100529,2019년 5월 29일 17시,수요일,대전광역시 서구 둔산동,경상사고,0,0,1,0,차대사람 - 기타,보행자보호의무위반,건조,맑음,교차로 - 교차로부근,승용,여,62세,상해없음,보행자,남,55세,경상
2019053000100036,2019년 5월 30일 00시,목요일,대전광역시 서구 복수동,경상사고,0,0,1,0,차대사람 - 횡단중,신호위반,건조,맑음,교차로 - 교차로안,승용,남,33세,기타불명,보행자,남,34세,경상
2019053000100081,2019년 5월 30일 04시,목요일,대전광역시 대덕구 목상동,중상사고,0,1,0,0,차대사람 - 기타,안전운전불이행,건조,맑음,단일로 - 기타,승용,남,66세,상해없음,보행자,남,33세,중상
2019053000100103,2019년 5월 30일 06시,목요일,대전광역시 서구 둔산동,경상사고,0,0,1,0,차대사람 - 기타,안전운전불이행,건조,맑음,교차로 - 교차로부근,승용,남,40세,상해없음,보행자,여,24세,경상
2019053000100120,2019년 5월 30일 07시,목요일,대전광역시 대덕구 석봉동,중상사고,0,1,0,0,차대사람 - 차도통행중,안전운전불이행,건조,맑음,단일로 - 기타,승용,여,50세,상해없음,보행자,여,79세,중상
2019053000100357,2019년 5월 30일 14시,목요일,대전광역시 동구 가양동,중상사고,0,1,0,0,차대사람 - 기타,안전운전불이행,건조,맑음,교차로 - 교차로부근,승용,남,19세,상해없음,보행자,남,72세,중상
2019053000100497,2019년 5월 30일 18시,목요일,대전광역시 중구 유천동,중상사고,0,1,0,0,차대사람 - 횡단중,신호위반,건조,맑음,교차로 - 교차로횡단보도내,승용,남,62세,상해없음,보행자,여,75세,중상
2019053100100052,2019년 5월 31일 00시,금요일,대전광역시 유성구 원신흥동,중상사고,0,1,0,0,차대사람 - 횡단중,안전운전불이행,건조,맑음,교차로 - 교차로횡단보도내,승용,여,35세,상해없음,보행자,남,40세,중상
2019053100100268,2019년 5월 31일 11시,금요일,대전광역시 서구 내동,중상사고,0,1,0,0,차대사람 - 횡단중,안전운전불이행,건조,맑음,단일로 - 기타,이륜,남,22세,상해없음,보행자,남,87세,중상
2019053100100541,2019년 5월 31일 17시,금요일,대전광역시 중구 대흥동,사망사고,1,0,0,0,차대사람 - 횡단중,안전운전불이행,건조,맑음,단일로 - 기타,승용,남,45세,상해없음,보행자,여,85세,사망
2019053100100542,2019년 5월 31일 17시,금요일,대전광역시 동구 성남동,경상사고,0,0,1,0,차대사람 - 기타,기타,건조,맑음,기타 - 기타,자전거,남,47세,상해없음,보행자,여,36세,경상
2019053100100607,2019년 5월 31일 18시,금요일,대전광역시 중구 중촌동,중상사고,0,1,0,0,차대사람 - 차도통행중,안전운전불이행,건조,맑음,단일로 - 교량,승용,여,43세,상해없음,보행자,남,74세,중상
2019053100100608,2019년 5월 31일 18시,금요일,대전광역시 유성구 봉명동,경상사고,0,0,1,0,차대사람 - 횡단중,보행자보호의무위반,건조,맑음,교차로 - 교차로횡단보도내,이륜,남,29세,상해없음,보행자,여,52세,경상
2019053100100766,2019년 5월 31일 22시,금요일,대전광역시 중구 오류동,경상사고,0,0,1,0,차대사람 - 기타,기타,건조,맑음,교차로 - 교차로부근,승용,남,71세,상해없음,보행자,여,26세,경상
2019053100100799,2019년 5월 31일 23시,금요일,대전광역시 서구 갈마동,경상사고,0,0,1,0,차대사람 - 기타,안전운전불이행,건조,맑음,단일로 - 기타,기타불명,기타불명,미분류,기타불명,보행자,여,54세,경상
2019060100100078,2019년 6월 1일 03시,토요일,대전광역시 서구 둔산동,경상사고,0,0,1,0,차대사람 - 기타,안전운전불이행,건조,맑음,단일로 - 기타,기타불명,기타불명,미분류,기타불명,보행자,남,24세,경상
2019060100100244,2019년 6월 1일 11시,토요일,대전광역시 동구 용운동,경상사고,0,0,1,0,차대사람 - 기타,안전운전불이행,건조,맑음,단일로 - 기타,승용,남,38세,상해없음,보행자,여,20세,경상
2019060100100359,2019년 6월 1일 14시,토요일,대전광역시 중구 대흥동,중상사고,0,1,0,0,차대사람 - 길가장자리구역통행중,안전운전불이행,건조,맑음,단일로 - 기타,승용,남,77세,상해없음,보행자,남,69세,중상
2019060100100547,2019년 6월 1일 20시,토요일,대전광역시 서구 괴정동,중상사고,0,1,0,0,차대사람 - 횡단중,보행자보호의무위반,건조,맑음,교차로 - 교차로횡단보도내,승용,남,40세,상해없음,보행자,여,37세,중상
2019060200100255,2019년 6월 2일 14시,일요일,대전광역시 중구 은행동,경상사고,0,0,1,0,차대사람 - 차도통행중,안전운전불이행,건조,맑음,단일로 - 기타,승용,여,47세,상해없음,보행자,남,31세,경상
2019060200100322,2019년 6월 2일 16시,일요일,대전광역시 서구 정림동,경상사고,0,0,1,0,차대사람 - 횡단중,보행자보호의무위반,건조,맑음,단일로 - 기타,화물,남,67세,상해없음,보행자,남,25세,경상
2019060200100494,2019년 6월 2일 22시,일요일,대전광역시 유성구 봉명동,경상사고,0,0,1,0,차대사람 - 차도통행중,기타,건조,맑음,단일로 - 기타,승용,여,49세,상해없음,보행자,여,51세,경상
2019060300100407,2019년 6월 3일 15시,월요일,대전광역시 서구 용문동,경상사고,0,0,1,0,차대사람 - 기타,안전운전불이행,건조,맑음,교차로 - 교차로안,승용,남,40세,상해없음,보행자,남,41세,경상
2019060300100588,2019년 6월 3일 21시,월요일,대전광역시 동구 삼성동,중상사고,0,1,0,0,차대사람 - 횡단중,안전운전불이행,건조,맑음,교차로 - 교차로부근,승용,남,46세,상해없음,보행자,여,66세,중상
2019060400100038,2019년 6월 4일 01시,화요일,대전광역시 서구 괴정동,경상사고,0,0,1,0,차대사람 - 보도통행중,보행자보호의무위반,건조,맑음,교차로 - 교차로횡단보도내,기타불명,기타불명,미분류,기타불명,보행자,남,41세,경상
2019060400100044,2019년 6월 4일 02시,화요일,대전광역시 중구 중촌동,경상사고,0,0,1,0,차대사람 - 차도통행중,안전운전불이행,건조,맑음,교차로 - 교차로부근,승용,여,38세,상해없음,보행자,남,57세,경상
2019060400100153,2019년 6월 4일 08시,화요일,대전광역시 동구 천동,경상사고,0,0,1,0,차대사람 - 기타,안전운전불이행,건조,맑음,단일로 - 기타,자전거,남,12세,상해없음,보행자,남,49세,경상
2019060400100154,2019년 6월 4일 08시,화요일,대전광역시 대덕구 신탄진동,경상사고,0,0,1,0,차대사람 - 기타,안전운전불이행,건조,맑음,단일로 - 기타,승합,남,52세,상해없음,보행자,여,20세,경상
2019060400100198,2019년 6월 4일 09시,화요일,대전광역시 중구 부사동,경상사고,0,0,1,0,차대사람 - 횡단중,신호위반,건조,맑음,교차로 - 교차로안,화물,남,56세,상해없음,보행자,여,73세,경상
2019060400100552,2019년 6월 4일 18시,화요일,대전광역시 서구 갈마동,경상사고,0,0,1,0,차대사람 - 횡단중,기타,건조,맑음,단일로 - 기타,승용,여,31세,상해없음,보행자,남,8세,경상
2019060400100589,2019년 6월 4일 19시,화요일,대전광역시 서구 월평동,경상사고,0,0,1,0,차대사람 - 차도통행중,안전운전불이행,건조,맑음,단일로 - 기타,기타불명,기타불명,미분류,기타불명,보행자,여,22세,경상
2019060500100207,2019년 6월 5일 09시,수요일,대전광역시 서구 변동,경상사고,0,0,1,0,차대사람 - 기타,안전운전불이행,건조,맑음,단일로 - 기타,승용,여,59세,상해없음,보행자,여,74세,경상
2019060500100587,2019년 6월 5일 18시,수요일,대전광역시 유성구 전민동,경상사고,0,0,1,0,차대사람 - 기타,안전운전불이행,건조,맑음,기타 - 기타,승합,남,58세,기타불명,보행자,여,23세,경상
2019060500100666,2019년 6월 5일 20시,수요일,대전광역시 서구 괴정동,중상사고,0,1,1,0,차대사람 - 기타,안전운전불이행,건조,맑음,단일로 - 기타,승용,여,31세,상해없음,보행자,여,19세,중상
2019060600100078,2019년 6월 6일 02시,목요일,대전광역시 중구 유천동,경상사고,0,0,1,0,차대차 - 측면충돌,안전운전불이행,건조,맑음,교차로 - 교차로안,승용,남,25세,상해없음,승용,남,25세,상해없음
2019060600100096,2019년 6월 6일 04시,목요일,대전광역시 대덕구 덕암동,경상사고,0,0,1,0,차대사람 - 기타,안전운전불이행,건조,맑음,단일로 - 기타,승용,남,34세,상해없음,보행자,남,21세,경상
2019060600100239,2019년 6월 6일 12시,목요일,대전광역시 중구 문화동,중상사고,0,1,0,0,차대사람 - 횡단중,안전운전불이행,건조,맑음,교차로 - 교차로안,승용,여,62세,상해없음,보행자,여,44세,중상
2019060600100240,2019년 6월 6일 12시,목요일,대전광역시 서구 탄방동,중상사고,0,1,0,0,차대사람 - 기타,안전운전불이행,건조,맑음,단일로 - 기타,승용,남,59세,상해없음,보행자,남,26세,중상
2019060600100577,2019년 6월 6일 21시,목요일,대전광역시 유성구 원내동,경상사고,0,0,1,0,차대사람 - 기타,안전운전불이행,젖음/습기,비,단일로 - 기타,승용,남,54세,상해없음,보행자,여,19세,경상
2019060600100649,2019년 6월 6일 23시,목요일,대전광역시 대덕구 목상동,경상사고,0,0,1,0,차대사람 - 기타,안전운전불이행,젖음/습기,비,기타 - 기타,승용,여,50세,상해없음,보행자,남,53세,경상
2019060700100072,2019년 6월 7일 03시,금요일,대전광역시 서구 괴정동,경상사고,0,0,1,0,차대사람 - 기타,안전운전불이행,건조,맑음,단일로 - 기타,승용,남,52세,상해없음,보행자,남,26세,경상
2019060700100362,2019년 6월 7일 14시,금요일,대전광역시 유성구 봉명동,경상사고,0,0,1,0,차대사람 - 기타,안전운전불이행,건조,맑음,단일로 - 기타,승용,여,43세,상해없음,보행자,여,43세,경상
2019060700100394,2019년 6월 7일 15시,금요일,대전광역시 서구 둔산동,중상사고,0,1,1,0,차대사람 - 횡단중,안전운전불이행,건조,맑음,단일로 - 기타,승용,여,25세,상해없음,보행자,남,34세,중상
2019060700100519,2019년 6월 7일 18시,금요일,대전광역시 중구 문창동,중상사고,0,1,0,0,차대사람 - 횡단중,안전운전불이행,건조,맑음,단일로 - 기타,승용,남,44세,상해없음,보행자,여,76세,중상
2019060700100657,2019년 6월 7일 22시,금요일,대전광역시 중구 은행동,부상신고사고,0,0,0,1,차대사람 - 횡단중,보행자보호의무위반,건조,맑음,교차로 - 교차로부근,기타불명,기타불명,미분류,기타불명,보행자,여,44세,부상신고
2019060800100063,2019년 6월 8일 02시,토요일,대전광역시 서구 둔산동,경상사고,0,0,1,0,차대사람 - 기타,안전운전불이행,젖음/습기,비,단일로 - 기타,승용,남,36세,상해없음,보행자,남,23세,경상
2019060800100446,2019년 6월 8일 16시,토요일,대전광역시 유성구 봉명동,경상사고,0,0,1,0,차대사람 - 기타,안전운전불이행,건조,맑음,단일로 - 기타,승용,남,60세,상해없음,보행자,남,53세,경상
2019060900100061,2019년 6월 9일 02시,일요일,대전광역시 서구 둔산동,경상사고,0,0,1,0,차대사람 - 기타,안전운전불이행,건조,맑음,단일로 - 기타,승용,남,26세,상해없음,보행자,남,27세,경상
2019060900100149,2019년 6월 9일 09시,일요일,대전광역시 서구 월평동,경상사고,0,0,1,0,차대사람 - 기타,안전운전불이행,건조,맑음,단일로 - 기타,승용,남,67세,상해없음,보행자,남,53세,경상
2019060900100353,2019년 6월 9일 17시,일요일,대전광역시 유성구 송강동,중상사고,0,1,1,0,차대사람 - 기타,안전운전불이행,건조,맑음,단일로 - 기타,자전거,남,32세,중상,보행자,남,62세,경상
2019061000100123,2019년 6월 10일 07시,월요일,대전광역시 동구 가양동,중상사고,0,1,0,0,차대사람 - 횡단중,안전운전불이행,건조,맑음,교차로 - 교차로안,승용,여,46세,상해없음,보행자,남,76세,중상
2019061000100260,2019년 6월 10일 11시,월요일,대전광역시 서구 둔산동,경상사고,0,0,1,0,차대사람 - 기타,안전운전불이행,건조,맑음,기타 - 기타,승용,여,62세,상해없음,보행자,남,70세,경상
2019061000100290,2019년 6월 10일 12시,월요일,대전광역시 유성구 궁동,경상사고,0,0,1,0,차대사람 - 기타,기타,건조,맑음,기타 - 기타,자전거,남,22세,상해없음,보행자,여,26세,경상
2019061000100489,2019년 6월 10일 17시,월요일,대전광역시 서구 월평동,경상사고,0,0,1,0,차대사람 - 기타,안전운전불이행,건조,맑음,단일로 - 기타,승용,남,43세,상해없음,보행자,남,26세,경상
2019061000100647,2019년 6월 10일 22시,월요일,대전광역시 동구 중동,중상사고,0,1,0,0,차대사람 - 기타,안전운전불이행,건조,맑음,교차로 - 교차로안,승용,남,62세,상해없음,보행자,남,55세,중상
2019061100100514,2019년 6월 11일 18시,화요일,대전광역시 서구 탄방동,경상사고,0,0,1,0,차대사람 - 기타,신호위반,건조,맑음,교차로 - 교차로부근,승용,남,31세,상해없음,보행자,여,8세,경상
2019061100100600,2019년 6월 11일 21시,화요일,대전광역시 유성구 대정동,경상사고,0,0,1,0,차대사람 - 횡단중,안전운전불이행,건조,맑음,단일로 - 기타,승용,여,58세,상해없음,보행자,여,54세,경상
2019061200100311,2019년 6월 12일 13시,수요일,대전광역시 동구 낭월동,중상사고,0,1,0,0,차대사람 - 차도통행중,신호위반,건조,맑음,단일로 - 기타,승용,남,65세,상해없음,보행자,남,8세,중상
2019061200100583,2019년 6월 12일 21시,수요일,대전광역시 동구 신흥동,경상사고,0,0,1,0,차대사람 - 횡단중,안전운전불이행,건조,맑음,교차로 - 교차로부근,승용,여,43세,상해없음,보행자,여,62세,경상
2019061300100159,2019년 6월 13일 08시,목요일,대전광역시 서구 갈마동,경상사고,0,0,1,0,차대사람 - 기타,보행자보호의무위반,건조,맑음,교차로 - 교차로횡단보도내,화물,남,61세,상해없음,보행자,여,23세,경상
2019061300100250,2019년 6월 13일 11시,목요일,대전광역시 중구 유천동,중상사고,0,1,0,0,차대사람 - 차도통행중,안전운전불이행,건조,맑음,교차로 - 교차로부근,승용,여,52세,상해없음,보행자,여,58세,중상
2019061300100342,2019년 6월 13일 14시,목요일,대전광역시 서구 탄방동,경상사고,0,0,1,0,차대사람 - 기타,안전운전불이행,건조,맑음,단일로 - 기타,승용,여,31세,상해없음,보행자,여,49세,경상
2019061300100576,2019년 6월 13일 20시,목요일,대전광역시 대덕구 송촌동,중상사고,0,1,0,0,차대사람 - 보도통행중,안전운전불이행,건조,흐림,교차로 - 교차로안,승용,남,61세,상해없음,보행자,남,47세,중상
2019061400100432,2019년 6월 14일 16시,금요일,대전광역시 서구 가장동,경상사고,0,0,1,0,차대사람 - 보도통행중,기타,건조,맑음,기타 - 기타,화물,남,47세,상해없음,보행자,남,37세,경상
2019061400100433,2019년 6월 14일 16시,금요일,대전광역시 서구 둔산동,중상사고,0,1,0,0,차대사람 - 기타,기타,건조,맑음,단일로 - 기타,승합,남,59세,상해없음,보행자,여,60세,중상
2019061400100435,2019년 6월 14일 16시,금요일,대전광역시 유성구 구암동,중상사고,0,1,0,0,차대사람 - 횡단중,신호위반,건조,맑음,교차로 - 교차로횡단보도내,화물,남,50세,상해없음,보행자,여,15세,중상
2019061400100496,2019년 6월 14일 17시,금요일,대전광역시 중구 태평동,중상사고,0,1,0,0,차대사람 - 횡단중,안전운전불이행,건조,맑음,단일로 - 기타,승용,남,49세,상해없음,보행자,남,5세,중상
2019061500100363,2019년 6월 15일 13시,토요일,대전광역시 서구 가수원동,경상사고,0,0,2,0,차대사람 - 기타,안전운전불이행,건조,맑음,단일로 - 기타,승용,남,45세,상해없음,보행자,남,79세,경상
2019061500100531,2019년 6월 15일 17시,토요일,대전광역시 중구 부사동,경상사고,0,0,1,0,차대사람 - 기타,안전운전불이행,건조,맑음,단일로 - 기타,승용,남,69세,상해없음,보행자,남,8세,경상
2019061500100533,2019년 6월 15일 17시,토요일,대전광역시 서구 내동,경상사고,0,0,1,0,차대사람 - 기타,안전운전불이행,건조,맑음,단일로 - 기타,승용,남,24세,상해없음,보행자,남,7세,경상
2019061500100683,2019년 6월 15일 21시,토요일,대전광역시 유성구 봉명동,중상사고,0,1,0,0,차대사람 - 횡단중,안전운전불이행,건조,맑음,교차로 - 교차로횡단보도내,승용,여,47세,상해없음,보행자,남,49세,중상
2019061600100040,2019년 6월 16일 00시,일요일,대전광역시 서구 괴정동,경상사고,0,0,1,0,차대사람 - 기타,안전운전불이행,건조,맑음,단일로 - 기타,승용,남,20세,상해없음,보행자,남,34세,경상
2019061600100104,2019년 6월 16일 05시,일요일,대전광역시 중구 대흥동,경상사고,0,0,1,0,차대사람 - 기타,안전운전불이행,건조,맑음,교차로 - 교차로안,승용,남,52세,상해없음,보행자,남,22세,경상
2019061600100417,2019년 6월 16일 18시,일요일,대전광역시 동구 판암동,부상신고사고,0,0,0,1,차대사람 - 보도통행중,안전운전불이행,건조,맑음,단일로 - 기타,자전거,남,58세,상해없음,보행자,남,72세,부상신고
2019061600100468,2019년 6월 16일 20시,일요일,대전광역시 서구 도안동,경상사고,0,0,1,0,차대사람 - 횡단중,안전운전불이행,건조,맑음,교차로 - 교차로부근,승용,남,33세,상해없음,보행자,남,40세,경상
2019061600100488,2019년 6월 16일 21시,일요일,대전광역시 서구 탄방동,중상사고,0,1,0,0,차대사람 - 횡단중,안전운전불이행,건조,맑음,교차로 - 교차로부근,승용,여,46세,상해없음,보행자,여,68세,중상
2019061700100216,2019년 6월 17일 10시,월요일,대전광역시 동구 판암동,경상사고,0,0,1,0,차대사람 - 횡단중,안전운전불이행,건조,맑음,교차로 - 교차로안,승용,여,56세,상해없음,보행자,여,73세,경상
2019061700100404,2019년 6월 17일 15시,월요일,대전광역시 서구 둔산동,경상사고,0,0,1,0,차대사람 - 기타,신호위반,건조,맑음,교차로 - 교차로안,승용,남,34세,상해없음,보행자,남,71세,경상
2019061700100559,2019년 6월 17일 18시,월요일,대전광역시 유성구 상대동,경상사고,0,0,1,0,차대사람 - 횡단중,중앙선침범,건조,맑음,단일로 - 기타,기타불명,기타불명,미분류,기타불명,보행자,남,17세,경상
2019061700100651,2019년 6월 17일 21시,월요일,대전광역시 서구 가수원동,경상사고,0,0,1,0,차대사람 - 횡단중,안전운전불이행,건조,맑음,교차로 - 교차로부근,승용,남,28세,상해없음,보행자,남,34세,경상
2019061800100068,2019년 6월 18일 04시,화요일,대전광역시 동구 인동,경상사고,0,0,1,0,차대사람 - 기타,안전운전불이행,건조,맑음,단일로 - 기타,승용,남,34세,상해없음,보행자,남,21세,경상
2019061800100102,2019년 6월 18일 06시,화요일,대전광역시 서구 관저동,경상사고,0,0,1,0,차대사람 - 차도통행중,안전운전불이행,건조,맑음,단일로 - 기타,화물,남,47세,상해없음,보행자,남,60세,경상
2019061800100241,2019년 6월 18일 10시,화요일,대전광역시 서구 도안동,중상사고,0,1,0,0,차대사람 - 횡단중,신호위반,건조,맑음,단일로 - 기타,승용,여,35세,상해없음,보행자,여,4세,중상
2019061800100298,2019년 6월 18일 12시,화요일,대전광역시 중구 은행동,경상사고,0,0,1,0,차대사람 - 횡단중,안전운전불이행,건조,맑음,단일로 - 기타,승용,여,25세,상해없음,보행자,여,33세,경상
2019061800100451,2019년 6월 18일 17시,화요일,대전광역시 서구 탄방동,경상사고,0,0,1,0,차대사람 - 차도통행중,안전운전불이행,건조,맑음,단일로 - 기타,승용,여,59세,기타불명,보행자,남,52세,경상
2019061800100550,2019년 6월 18일 19시,화요일,대전광역시 유성구 봉명동,경상사고,0,0,1,0,차대사람 - 기타,안전운전불이행,건조,맑음,단일로 - 기타,기타불명,기타불명,미분류,기타불명,보행자,남,54세,경상
2019061800100584,2019년 6월 18일 20시,화요일,대전광역시 유성구 봉명동,경상사고,0,0,1,0,차대사람 - 횡단중,보행자보호의무위반,건조,맑음,교차로 - 교차로부근,승용,남,58세,상해없음,보행자,남,44세,경상
2019061900100084,2019년 6월 19일 05시,수요일,대전광역시 서구 갈마동,중상사고,0,1,0,0,차대사람 - 횡단중,신호위반,건조,맑음,교차로 - 교차로횡단보도내,이륜,남,25세,상해없음,보행자,여,72세,중상
2019061900100260,2019년 6월 19일 11시,수요일,대전광역시 서구 둔산동,중상사고,0,1,0,0,차대사람 - 횡단중,보행자보호의무위반,건조,맑음,교차로 - 교차로횡단보도내,화물,남,64세,상해없음,보행자,남,64세,중상