사고번호,사고일시,요일,시군구,사고내용,사망자수,중상자수,경상자수,부상신고자수,사고유형,법규위반,노면상태,기상상태,도로형태,가해운전자 차종,가해운전자 성별,가해운전자 연령,가해운전자 상해정도,피해운전자 차종,피해운전자 성별,피해운전자 연령,피해운전자 상해정도
2019101100100173,2019년 10월 11일 08시,금요일,대전광역시 중구 문창동,중상사고,0,1,0,0,차대사람 - 기타,안전운전불이행,건조,맑음,교차로 - 교차로부근,화물,남,54세,상해없음,보행자,남,72세,중상
2019101100100216,2019년 10월 11일 09시,금요일,대전광역시 동구 용전동,경상사고,0,0,1,0,차대사람 - 차도통행중,안전운전불이행,건조,맑음,교차로 - 교차로부근,화물,남,21세,상해없음,보행자,여,56세,경상
2019101100100428,2019년 10월 11일 15시,금요일,대전광역시 중구 문화동,경상사고,0,0,1,0,차대사람 - 횡단중,중앙선침범,건조,맑음,단일로 - 기타,자전거,남,14세,상해없음,보행자,여,44세,경상
2019101100100486,2019년 10월 11일 16시,금요일,대전광역시 중구 은행동,경상사고,0,0,1,0,차대사람 - 기타,안전운전불이행,건조,맑음,단일로 - 기타,자전거,남,56세,상해없음,보행자,여,32세,경상
2019101100100487,2019년 10월 11일 16시,금요일,대전광역시 동구 삼성동,중상사고,0,1,0,0,차대사람 - 차도통행중,중앙선침범,건조,맑음,단일로 - 기타,승용,남,83세,상해없음,보행자,여,75세,중상
2019101100100543,2019년 10월 11일 17시,금요일,대전광역시 동구 천동,경상사고,0,0,1,0,차대사람 - 횡단중,보행자보호의무위반,건조,맑음,단일로 - 기타,승용,남,54세,상해없음,보행자,여,14세,경상
2019101100100669,2019년 10월 11일 19시,금요일,대전광역시 중구 선화동,경상사고,0,0,1,0,차대사람 - 기타,안전운전불이행,건조,맑음,단일로 - 기타,승용,남,25세,상해없음,보행자,남,34세,경상
2019101100100670,2019년 10월 11일 19시,금요일,대전광역시 대덕구 오정동,중상사고,0,1,0,0,차대사람 - 횡단중,보행자보호의무위반,건조,맑음,교차로 - 교차로횡단보도내,승용,남,43세,상해없음,보행자,여,62세,중상
2019101100100739,2019년 10월 11일 21시,금요일,대전광역시 유성구 송강동,경상사고,0,0,1,0,차대사람 - 기타,신호위반,건조,맑음,교차로 - 교차로횡단보도내,승용,여,36세,상해없음,보행자,여,25세,경상
2019101200100072,2019년 10월 12일 02시,토요일,대전광역시 서구 괴정동,경상사고,0,0,1,0,차대사람 - 횡단중,안전운전불이행,건조,맑음,단일로 - 기타,승용,남,61세,상해없음,보행자,여,23세,경상
2019101200100282,2019년 10월 12일 11시,토요일,대전광역시 중구 문창동,중상사고,0,1,0,0,차대사람 - 기타,안전운전불이행,건조,맑음,교차로 - 교차로안,화물,남,58세,상해없음,보행자,남,44세,중상
2019101200100380,2019년 10월 12일 13시,토요일,대전광역시 서구 탄방동,중상사고,0,1,0,0,차대사람 - 횡단중,보행자보호의무위반,건조,맑음,교차로 - 교차로부근,승용,남,55세,상해없음,보행자,여,55세,중상
2019101200100381,2019년 10월 12일 13시,토요일,대전광역시 서구 둔산동,경상사고,0,0,1,0,차대사람 - 횡단중,보행자보호의무위반,건조,맑음,교차로 - 교차로횡단보도내,승용,남,25세,상해없음,보행자,여,25세,경상
2019101200100486,2019년 10월 12일 15시,토요일,대전광역시 유성구 관평동,중상사고,0,1,0,0,차대사람 - 기타,안전운전불이행,건조,맑음,교차로 - 교차로부근,승용,여,42세,상해없음,보행자,남,90세 이상,중상
2019101300100107,2019년 10월 13일 07시,일요일,대전광역시 중구 산성동,경상사고,0,0,1,0,차대사람 - 기타,안전운전불이행,건조,맑음,교차로 - 교차로부근,이륜,여,56세,상해없음,보행자,여,60세,경상
2019101300100378,2019년 10월 13일 17시,일요일,대전광역시 동구 판암동,경상사고,0,0,1,0,차대사람 - 횡단중,안전운전불이행,건조,맑음,단일로 - 기타,승용,남,72세,상해없음,보행자,남,59세,경상
2019101400100062,2019년 10월 14일 05시,월요일,대전광역시 서구 둔산동,중상사고,0,1,0,0,차대사람 - 횡단중,신호위반,건조,맑음,교차로 - 교차로횡단보도내,이륜,남,53세,상해없음,보행자,여,48세,중상
2019101400100481,2019년 10월 14일 16시,월요일,대전광역시 대덕구 덕암동,중상사고,0,1,0,0,차대사람 - 횡단중,안전운전불이행,건조,맑음,교차로 - 교차로안,이륜,남,19세,기타불명,보행자,남,16세,중상
2019101400100534,2019년 10월 14일 17시,월요일,대전광역시 동구 대동,경상사고,0,0,1,0,차대사람 - 횡단중,신호위반,건조,맑음,교차로 - 교차로횡단보도내,승용,남,68세,상해없음,보행자,남,52세,경상
2019101400100609,2019년 10월 14일 18시,월요일,대전광역시 중구 산성동,경상사고,0,0,1,0,차대사람 - 횡단중,안전운전불이행,건조,맑음,기타 - 기타,승용,남,54세,상해없음,보행자,여,9세,경상
2019101400100610,2019년 10월 14일 18시,월요일,대전광역시 서구 정림동,경상사고,0,0,1,0,차대사람 - 횡단중,안전운전불이행,건조,맑음,교차로 - 교차로안,승용,여,62세,상해없음,보행자,남,10세,경상
2019101400100727,2019년 10월 14일 21시,월요일,대전광역시 서구 갈마동,경상사고,0,0,1,0,차대사람 - 기타,안전운전불이행,건조,맑음,기타 - 기타,승용,남,71세,상해없음,보행자,여,20세,경상
2019101500100203,2019년 10월 15일 09시,화요일,대전광역시 중구 선화동,중상사고,0,1,0,0,차대사람 - 기타,안전운전불이행,건조,맑음,단일로 - 기타,승용,남,61세,기타불명,보행자,남,35세,중상
2019101500100405,2019년 10월 15일 14시,화요일,대전광역시 유성구 지족동,경상사고,0,0,1,0,차대사람 - 횡단중,안전운전불이행,건조,맑음,단일로 - 기타,승합,남,49세,상해없음,보행자,남,62세,경상
2019101500100613,2019년 10월 15일 18시,화요일,대전광역시 서구 둔산동,중상사고,0,1,1,0,차대사람 - 횡단중,보행자보호의무위반,건조,맑음,교차로 - 교차로횡단보도내,화물,남,28세,상해없음,보행자,남,46세,경상
2019101500100694,2019년 10월 15일 20시,화요일,대전광역시 중구 용두동,중상사고,0,2,0,0,차대사람 - 횡단중,신호위반,건조,맑음,교차로 - 교차로횡단보도내,자전거,남,23세,상해없음,보행자,여,77세,중상
2019101500100695,2019년 10월 15일 20시,화요일,대전광역시 대덕구 비래동,경상사고,0,0,1,0,차대사람 - 기타,안전운전불이행,건조,맑음,단일로 - 기타,이륜,남,25세,상해없음,보행자,여,63세,경상
2019101600100176,2019년 10월 16일 08시,수요일,대전광역시 동구 원동,중상사고,0,1,0,0,차대사람 - 기타,보행자보호의무위반,건조,맑음,교차로 - 교차로횡단보도내,승용,남,33세,기타불명,보행자,여,50세,중상
2019101600100332,2019년 10월 16일 12시,수요일,대전광역시 중구 대사동,경상사고,0,0,1,0,차대사람 - 길가장자리구역통행중,안전운전불이행,건조,맑음,단일로 - 기타,승용,여,67세,상해없음,보행자,여,80세,경상
2019101600100379,2019년 10월 16일 13시,수요일,대전광역시 동구 원동,경상사고,0,0,1,0,차대사람 - 길가장자리구역통행중,안전운전불이행,건조,맑음,단일로 - 기타,승용,여,54세,상해없음,보행자,남,58세,경상
2019101600100606,2019년 10월 16일 18시,수요일,대전광역시 서구 탄방동,부상신고사고,0,0,0,1,차대사람 - 횡단중,보행자보호의무위반,건조,맑음,교차로 - 교차로횡단보도내,개인형이동수단(PM),여,25세,상해없음,보행자,남,6세,부상신고
2019101600100642,2019년 10월 16일 19시,수요일,대전광역시 중구 선화동,경상사고,0,0,1,0,차대사람 - 기타,안전운전불이행,건조,맑음,기타 - 기타,승용,남,58세,상해없음,보행자,남,47세,경상
2019101600100709,2019년 10월 16일 21시,수요일,대전광역시 동구 용운동,부상신고사고,0,0,0,1,차대사람 - 기타,안전운전불이행,건조,맑음,단일로 - 기타,자전거,남,59세,상해없음,보행자,여,56세,부상신고
2019101700100058,2019년 10월 17일 02시,목요일,대전광역시 유성구 원신흥동,경상사고,0,0,1,0,차대사람 - 기타,안전운전불이행,건조,맑음,단일로 - 기타,승용,남,37세,상해없음,보행자,남,29세,경상
2019101700100445,2019년 10월 17일 16시,목요일,대전광역시 서구 도마동,경상사고,0,0,1,0,차대사람 - 횡단중,신호위반,건조,맑음,교차로 - 교차로횡단보도내,승용,남,59세,상해없음,보행자,여,61세,경상
2019101700100635,2019년 10월 17일 20시,목요일,대전광역시 동구 성남동,사망사고,1,0,0,0,차대사람 - 횡단중,신호위반,건조,맑음,교차로 - 교차로횡단보도내,승용,남,21세,상해없음,보행자,남,63세,사망
2019101800100237,2019년 10월 18일 09시,금요일,대전광역시 서구 둔산동,경상사고,0,0,1,0,차대사람 - 기타,안전운전불이행,건조,맑음,기타 - 기타,자전거,여,24세,상해없음,보행자,여,13세,경상
2019101800100550,2019년 10월 18일 17시,금요일,대전광역시 중구 대흥동,경상사고,0,0,1,0,차대사람 - 차도통행중,안전운전불이행,건조,맑음,교차로 - 교차로안,승용,여,47세,상해없음,보행자,여,46세,경상
2019101800100653,2019년 10월 18일 18시,금요일,대전광역시 중구 선화동,중상사고,0,1,0,0,차대사람 - 횡단중,안전운전불이행,건조,맑음,단일로 - 기타,이륜,남,45세,상해없음,보행자,여,38세,중상
2019101800100759,2019년 10월 18일 20시,금요일,대전광역시 중구 문화동,경상사고,0,0,1,0,차대사람 - 차도통행중,안전운전불이행,건조,맑음,단일로 - 기타,승용,남,50세,상해없음,보행자,남,52세,경상
2019101800100838,2019년 10월 18일 22시,금요일,대전광역시 서구 둔산동,경상사고,0,0,1,0,차대사람 - 차도통행중,안전운전불이행,건조,맑음,단일로 - 기타,기타불명,기타불명,미분류,기타불명,보행자,남,49세,경상
2019101900100062,2019년 10월 19일 01시,토요일,대전광역시 동구 정동,부상신고사고,0,0,0,1,차대사람 - 횡단중,안전운전불이행,건조,맑음,단일로 - 기타,승용,남,63세,상해없음,보행자,남,53세,부상신고
2019101900100157,2019년 10월 19일 07시,토요일,대전광역시 대덕구 오정동,중상사고,0,1,0,0,차대사람 - 길가장자리구역통행중,안전운전불이행,건조,맑음,단일로 - 기타,승용,남,52세,상해없음,보행자,남,63세,중상
2019101900100571,2019년 10월 19일 18시,토요일,대전광역시 서구 내동,중상사고,0,2,0,0,차대사람 - 횡단중,신호위반,건조,맑음,단일로 - 기타,승용,여,58세,상해없음,보행자,여,19세,중상
2019101900100613,2019년 10월 19일 19시,토요일,대전광역시 동구 대동,경상사고,0,0,1,0,차대사람 - 횡단중,보행자보호의무위반,건조,맑음,단일로 - 기타,기타불명,기타불명,미분류,기타불명,보행자,여,19세,경상
2019102100100152,2019년 10월 21일 08시,월요일,대전광역시 중구 오류동,중상사고,0,1,0,0,차대사람 - 횡단중,신호위반,건조,맑음,기타 - 기타,승합,남,56세,상해없음,보행자,남,62세,중상
2019102100100153,2019년 10월 21일 08시,월요일,대전광역시 서구 둔산동,경상사고,0,0,1,0,차대사람 - 횡단중,보행자보호의무위반,건조,맑음,교차로 - 교차로횡단보도내,승용,여,27세,상해없음,보행자,여,46세,경상
2019102100100202,2019년 10월 21일 09시,월요일,대전광역시 서구 탄방동,경상사고,0,0,1,0,차대사람 - 기타,안전운전불이행,건조,맑음,단일로 - 기타,승용,여,36세,상해없음,보행자,여,24세,경상
2019102100100453,2019년 10월 21일 15시,월요일,대전광역시 대덕구 비래동,경상사고,0,0,1,0,차대사람 - 기타,안전운전불이행,건조,맑음,단일로 - 기타,기타불명,기타불명,미분류,기타불명,보행자,여,7세,경상
2019102100100645,2019년 10월 21일 19시,월요일,대전광역시 중구 용두동,경상사고,0,0,1,0,차대사람 - 차도통행중,신호위반,건조,맑음,교차로 - 교차로안,승용,남,43세,상해없음,보행자,여,24세,경상
2019102100100669,2019년 10월 21일 20시,월요일,대전광역시 유성구 원내동,경상사고,0,0,1,0,차대사람 - 기타,안전운전불이행,건조,맑음,단일로 - 기타,화물,남,59세,상해없음,보행자,남,54세,경상
2019102100100735,2019년 10월 21일 23시,월요일,대전광역시 동구 가오동,경상사고,0,0,1,0,차대사람 - 차도통행중,안전운전불이행,건조,맑음,교차로 - 교차로안,화물,남,23세,상해없음,보행자,남,51세,경상
2019102200100270,2019년 10월 22일 11시,화요일,대전광역시 서구 탄방동,경상사고,0,0,1,0,차대사람 - 횡단중,안전운전불이행,건조,맑음,단일로 - 기타,기타불명,기타불명,미분류,기타불명,보행자,여,36세,경상
2019102200100416,2019년 10월 22일 15시,화요일,대전광역시 동구 성남동,경상사고,0,0,1,0,차대사람 - 기타,안전운전불이행,건조,맑음,단일로 - 기타,승합,남,52세,상해없음,보행자,남,61세,경상
2019102200100572,2019년 10월 22일 18시,화요일,대전광역시 서구 월평동,경상사고,0,0,1,0,차대사람 - 기타,안전운전불이행,건조,맑음,단일로 - 기타,자전거,남,64세,상해없음,보행자,남,66세,경상
2019102200100638,2019년 10월 22일 19시,화요일,대전광역시 동구 인동,경상사고,0,0,1,0,차대사람 - 횡단중,안전운전불이행,건조,맑음,교차로 - 교차로부근,승용,남,61세,상해없음,보행자,여,73세,경상
2019102300100063,2019년 10월 23일 02시,수요일,대전광역시 대덕구 신대동,경상사고,0,0,1,0,차대사람 - 횡단중,안전운전불이행,건조,맑음,기타 - 기타,승용,남,64세,상해없음,보행자,남,47세,경상
2019102300100216,2019년 10월 23일 10시,수요일,대전광역시 중구 안영동,중상사고,0,1,0,0,차대사람 - 횡단중,보행자보호의무위반,건조,맑음,교차로 - 교차로횡단보도내,화물,남,73세,상해없음,보행자,여,65세,중상
2019102300100426,2019년 10월 23일 16시,수요일,대전광역시 유성구 봉명동,중상사고,0,1,0,0,차대사람 - 차도통행중,안전운전불이행,건조,맑음,단일로 - 기타,승용,여,27세,상해없음,보행자,남,70세,중상
2019102300100466,2019년 10월 23일 17시,수요일,대전광역시 중구 태평동,경상사고,0,0,1,0,차대사람 - 기타,안전운전불이행,건조,맑음,단일로 - 기타,화물,여,62세,상해없음,보행자,남,58세,경상
2019102300100467,2019년 10월 23일 17시,수요일,대전광역시 서구 변동,경상사고,0,0,1,0,차대사람 - 기타,안전운전불이행,건조,맑음,교차로 - 교차로부근,기타불명,기타불명,미분류,기타불명,보행자,여,11세,경상
2019102400100379,2019년 10월 24일 14시,목요일,대전광역시 중구 유천동,경상사고,0,0,1,0,차대사람 - 횡단중,안전운전불이행,건조,맑음,단일로 - 기타,승용,남,30세,상해없음,보행자,여,58세,경상
2019102400100584,2019년 10월 24일 18시,목요일,대전광역시 중구 산성동,경상사고,0,0,1,0,차대사람 - 기타,보행자보호의무위반,건조,맑음,단일로 - 기타,승합,남,76세,상해없음,보행자,남,59세,경상
2019102500100204,2019년 10월 25일 09시,금요일,대전광역시 중구 태평동,중상사고,0,1,0,0,차대사람 - 길가장자리구역통행중,안전운전불이행,건조,맑음,교차로 - 교차로부근,승용,남,62세,상해없음,보행자,남,63세,중상
2019102500100306,2019년 10월 25일 12시,금요일,대전광역시 서구 탄방동,경상사고,0,0,1,0,차대사람 - 기타,안전운전불이행,건조,맑음,교차로 - 교차로안,승용,남,59세,기타불명,보행자,남,80세,경상
2019102500100546,2019년 10월 25일 17시,금요일,대전광역시 대덕구 이현동,중상사고,0,1,0,0,차대사람 - 기타,안전운전불이행,건조,맑음,단일로 - 기타,화물,남,76세,상해없음,보행자,남,80세,중상
2019102500100547,2019년 10월 25일 17시,금요일,대전광역시 유성구 도룡동,부상신고사고,0,0,0,1,차대사람 - 기타,안전운전불이행,건조,맑음,단일로 - 기타,승용,남,50세,상해없음,보행자,남,8세,부상신고
2019102500100831,2019년 10월 25일 23시,금요일,대전광역시 유성구 궁동,경상사고,0,0,1,0,차대사람 - 기타,안전운전불이행,건조,맑음,단일로 - 기타,승용,남,31세,상해없음,보행자,남,14세,경상
2019102600100067,2019년 10월 26일 02시,토요일,대전광역시 서구 갈마동,사망사고,1,0,0,0,차대사람 - 기타,안전운전불이행,건조,맑음,단일로 - 기타,승용,남,65세,상해없음,보행자,남,22세,사망
2019102600100437,2019년 10월 26일 15시,토요일,대전광역시 대덕구 송촌동,경상사고,0,0,2,0,차대사람 - 기타,신호위반,건조,맑음,교차로 - 교차로횡단보도내,승용,남,42세,상해없음,보행자,여,53세,경상
2019102600100705,2019년 10월 26일 22시,토요일,대전광역시 유성구 궁동,경상사고,0,0,1,0,차대사람 - 기타,안전운전불이행,건조,맑음,단일로 - 기타,승용,남,29세,기타불명,보행자,남,22세,경상
2019102700100128,2019년 10월 27일 06시,일요일,대전광역시 동구 용전동,중상사고,0,1,0,0,차대사람 - 보도통행중,신호위반,건조,맑음,단일로 - 기타,승용,남,33세,상해없음,보행자,남,67세,중상
2019102700100182,2019년 10월 27일 09시,일요일,대전광역시 서구 둔산동,경상사고,0,0,1,0,차대사람 - 횡단중,보행자보호의무위반,건조,맑음,교차로 - 교차로횡단보도내,승용,남,54세,상해없음,보행자,여,58세,경상
2019102700100396,2019년 10월 27일 15시,일요일,대전광역시 동구 용전동,경상사고,0,0,1,0,차대사람 - 길가장자리구역통행중,안전운전불이행,건조,맑음,단일로 - 기타,승용,남,39세,상해없음,보행자,여,17세,경상
2019102800100584,2019년 10월 28일 18시,월요일,대전광역시 유성구 봉명동,중상사고,0,1,0,0,차대사람 - 횡단중,신호위반,건조,맑음,교차로 - 교차로횡단보도내,승용,남,62세,상해없음,보행자,남,62세,중상
2019102800100653,2019년 10월 28일 20시,월요일,대전광역시 중구 태평동,중상사고,0,1,0,0,차대사람 - 횡단중,보행자보호의무위반,건조,맑음,단일로 - 기타,승용,남,51세,상해없음,보행자,남,68세,중상
2019102900100284,2019년 10월 29일 11시,화요일,대전광역시 동구 판암동,경상사고,0,0,1,0,차대사람 - 기타,안전운전불이행,건조,맑음,기타 - 기타,승용,남,40세,상해없음,보행자,남,39세,경상
2019102900100485,2019년 10월 29일 16시,화요일,대전광역시 서구 괴정동,경상사고,0,0,1,0,차대사람 - 횡단중,중앙선침범,건조,맑음,단일로 - 기타,승용,남,49세,상해없음,보행자,여,82세,경상
2019102900100584,2019년 10월 29일 18시,화요일,대전광역시 서구 탄방동,중상사고,0,1,0,0,차대사람 - 횡단중,안전운전불이행,건조,맑음,단일로 - 기타,승용,여,34세,상해없음,보행자,남,63세,중상
2019102900100738,2019년 10월 29일 23시,화요일,대전광역시 유성구 원내동,경상사고,0,0,1,0,차대사람 - 기타,안전운전불이행,건조,맑음,단일로 - 기타,승용,남,42세,상해없음,보행자,여,47세,경상
2019103000100055,2019년 10월 30일 01시,수요일,대전광역시 유성구 장대동,경상사고,0,0,1,0,차대사람 - 기타,안전운전불이행,건조,맑음,교차로 - 교차로안,승용,남,56세,상해없음,보행자,남,31세,경상
2019103000100074,2019년 10월 30일 04시,수요일,대전광역시 서구 갈마동,경상사고,0,0,1,0,차대사람 - 횡단중,안전운전불이행,건조,맑음,교차로 - 교차로안,승용,남,21세,상해없음,보행자,남,27세,경상
2019103000100181,2019년 10월 30일 08시,수요일,대전광역시 중구 사정동,경상사고,0,0,1,0,차대사람 - 횡단중,보행자보호의무위반,건조,맑음,교차로 - 교차로횡단보도내,건설기계,남,58세,상해없음,보행자,여,23세,경상
2019103000100237,2019년 10월 30일 09시,수요일,대전광역시 동구 소제동,경상사고,0,0,1,0,차대사람 - 횡단중,안전운전불이행,건조,맑음,교차로 - 교차로횡단보도내,화물,남,43세,상해없음,보행자,여,68세,경상
2019103000100301,2019년 10월 30일 11시,수요일,대전광역시 서구 관저동,중상사고,0,1,0,0,차대사람 - 횡단중,안전운전불이행,건조,맑음,교차로 - 교차로횡단보도내,승용,여,72세,상해없음,보행자,여,78세,중상
2019103000100334,2019년 10월 30일 12시,수요일,대전광역시 중구 은행동,경상사고,0,0,1,0,차대사람 - 보도통행중,보행자보호의무위반,건조,맑음,교차로 - 교차로횡단보도내,화물,남,46세,상해없음,보행자,남,51세,경상
2019103000100465,2019년 10월 30일 15시,수요일,대전광역시 서구 관저동,중상사고,0,1,0,0,차대사람 - 기타,기타,건조,맑음,단일로 - 기타,승용,남,62세,상해없음,보행자,남,25세,중상
2019103000100643,2019년 10월 30일 18시,수요일,대전광역시 서구 탄방동,경상사고,0,0,1,0,차대사람 - 길가장자리구역통행중,안전운전불이행,건조,맑음,교차로 - 교차로안,승용,여,44세,상해없음,보행자,여,29세,경상
2019103000100699,2019년 10월 30일 19시,수요일,대전광역시 동구 소제동,경상사고,0,0,1,0,차대사람 - 기타,안전운전불이행,건조,맑음,단일로 - 기타,승용,남,60세,상해없음,보행자,남,26세,경상
2019103000100769,2019년 10월 30일 21시,수요일,대전광역시 서구 갈마동,중상사고,0,1,0,0,차대사람 - 보도통행중,안전운전불이행,건조,맑음,단일로 - 기타,승용,남,55세,상해없음,보행자,남,51세,중상
2019103100100099,2019년 10월 31일 07시,목요일,대전광역시 서구 가장동,경상사고,0,0,1,0,차대사람 - 횡단중,신호위반,건조,맑음,교차로 - 교차로횡단보도내,승용,남,73세,상해없음,보행자,남,45세,경상
2019103100100199,2019년 10월 31일 09시,목요일,대전광역시 중구 부사동,경상사고,0,0,1,0,차대사람 - 기타,보행자보호의무위반,건조,맑음,교차로 - 교차로횡단보도내,화물,남,57세,상해없음,보행자,여,51세,경상
2019103100100525,2019년 10월 31일 17시,목요일,대전광역시 중구 유천동,경상사고,0,0,1,0,차대사람 - 기타,안전운전불이행,건조,맑음,주차장 - 주차장,승용,여,52세,상해없음,보행자,남,57세,경상
2019103100100697,2019년 10월 31일 21시,목요일,대전광역시 대덕구 읍내동,경상사고,0,0,1,0,차대사람 - 기타,보행자보호의무위반,건조,기타,교차로 - 교차로횡단보도내,화물,남,47세,기타불명,보행자,남,39세,경상
2019110100100113,2019년 11월 1일 06시,금요일,대전광역시 서구 둔산동,경상사고,0,0,2,0,차대사람 - 횡단중,보행자보호의무위반,건조,맑음,교차로 - 교차로횡단보도내,승용,남,56세,상해없음,보행자,여,26세,경상
2019110100100693,2019년 11월 1일 19시,금요일,대전광역시 서구 변동,사망사고,1,0,0,0,차대사람 - 기타,보행자보호의무위반,건조,맑음,교차로 - 교차로횡단보도내,승용,남,52세,상해없음,보행자,남,84세,사망
2019110100100805,2019년 11월 1일 23시,금요일,대전광역시 유성구 구암동,부상신고사고,0,0,0,1,차대사람 - 기타,안전운전불이행,건조,맑음,단일로 - 기타,승용,여,35세,상해없음,보행자,남,64세,부상신고
2019110200100039,2019년 11월 2일 00시,토요일,대전광역시 서구 괴정동,경상사고,0,0,1,0,차대사람 - 기타,안전운전불이행,건조,맑음,단일로 - 기타,승용,남,30세,상해없음,보행자,남,35세,경상
2019110200100107,2019년 11월 2일 05시,토요일,대전광역시 서구 둔산동,경상사고,0,0,1,0,차대사람 - 기타,안전운전불이행,건조,맑음,교차로 - 교차로부근,승용,남,67세,상해없음,보행자,여,83세,경상
2019110200100413,2019년 11월 2일 14시,토요일,대전광역시 대덕구 오정동,중상사고,0,1,0,0,차대사람 - 기타,기타,건조,맑음,기타 - 기타,승합,남,36세,상해없음,보행자,여,67세,중상
2019110200100720,2019년 11월 2일 21시,토요일,대전광역시 대덕구 중리동,경상사고,0,0,1,0,차대사람 - 기타,안전운전불이행,건조,맑음,교차로 - 교차로부근,승용,남,65세,상해없음,보행자,여,54세,경상
2019110300100433,2019년 11월 3일 18시,일요일,대전광역시 서구 내동,사망사고,1,0,1,0,차대사람 - 횡단중,안전운전불이행,건조,흐림,교차로 - 교차로부근,승용,여,62세,경상,보행자,남,59세,사망
2019110300100470,2019년 11월 3일 19시,일요일,대전광역시 중구 유천동,중상사고,0,1,0,0,차대사람 - 횡단중,신호위반,건조,맑음,기타 - 기타,승용,남,65세,상해없음,보행자,여,13세,중상
2019110400100054,2019년 11월 4일 03시,월요일,대전광역시 서구 둔산동,경상사고,0,0,1,0,차대사람 - 기타,안전운전불이행,건조,맑음,단일로 - 기타,승용,남,28세,기타불명,보행자,남,25세,경상
2019110400100336,2019년 11월 4일 12시,월요일,대전광역시 유성구 지족동,중상사고,0,1,0,0,차대사람 - 횡단중,안전운전불이행,건조,맑음,단일로 - 기타,승용,여,39세,상해없음,보행자,여,37세,중상
2019110400100686,2019년 11월 4일 19시,월요일,대전광역시 동구 대동,중상사고,0,1,0,0,차대사람 - 횡단중,신호위반,건조,맑음,교차로 - 교차로부근,화물,남,28세,상해없음,보행자,남,12세,중상
2019110400100769,2019년 11월 4일 22시,월요일,대전광역시 대덕구 오정동,부상신고사고,0,0,0,1,차대사람 - 기타,보행자보호의무위반,건조,맑음,교차로 - 교차로횡단보도내,기타불명,기타불명,미분류,기타불명,보행자,여,20세,부상신고
2019110500100051,2019년 11월 5일 02시,화요일,대전광역시 유성구 궁동,부상신고사고,0,0,0,1,차대사람 - 기타,안전운전불이행,건조,맑음,단일로 - 기타,승용,여,36세,상해없음,보행자,남,23세,부상신고
2019110500100182,2019년 11월 5일 08시,화요일,대전광역시 유성구 지족동,중상사고,0,1,0,0,차대사람 - 횡단중,보행자보호의무위반,건조,맑음,교차로 - 교차로횡단보도내,승용,남,29세,상해없음,보행자,여,82세,중상
2019110500100500,2019년 11월 5일 16시,화요일,대전광역시 서구 탄방동,경상사고,0,0,1,0,차대사람 - 기타,안전운전불이행,건조,맑음,단일로 - 기타,승용,남,30세,상해없음,보행자,여,13세,경상
2019110500100501,2019년 11월 5일 16시,화요일,대전광역시 유성구 송강동,중상사고,0,1,0,0,차대사람 - 횡단중,보행자보호의무위반,건조,맑음,단일로 - 기타,이륜,남,39세,상해없음,보행자,여,7세,중상
2019110600100120,2019년 11월 6일 07시,수요일,대전광역시 대덕구 대화동,경상사고,0,0,1,0,차대사람 - 기타,안전운전불이행,건조,맑음,주차장 - 주차장,승합,남,60세,상해없음,보행자,여,54세,경상
2019110600100313,2019년 11월 6일 12시,수요일,대전광역시 동구 자양동,경상사고,0,0,1,0,차대사람 - 횡단중,보행자보호의무위반,건조,맑음,교차로 - 교차로안,승용,남,53세,상해없음,보행자,남,42세,경상
2019110600100645,2019년 11월 6일 19시,수요일,대전광역시 서구 둔산동,경상사고,0,0,1,0,차대사람 - 횡단중,안전운전불이행,건조,맑음,교차로 - 교차로안,승용,남,69세,상해없음,보행자,남,14세,경상
2019110600100706,2019년 11월 6일 21시,수요일,대전광역시 중구 대흥동,경상사고,0,0,1,0,차대사람 - 기타,안전운전불이행,건조,맑음,단일로 - 기타,승용,여,32세,상해없음,보행자,남,19세,경상
2019110700100206,2019년 11월 7일 09시,목요일,대전광역시 유성구 장동,중상사고,0,1,0,0,차대사람 - 횡단중,보행자보호의무위반,건조,맑음,교차로 - 교차로안,승용,남,57세,상해없음,보행자,여,19세,중상
2019110700100319,2019년 11월 7일 12시,목요일,대전광역시 서구 갈마동,경상사고,0,0,1,0,차대사람 - 기타,안전운전불이행,건조,맑음,기타 - 기타,기타불명,기타불명,미분류,기타불명,보행자,여,28세,경상
2019110700100401,2019년 11월 7일 14시,목요일,대전광역시 중구 용두동,경상사고,0,0,1,0,차대사람 - 기타,보행자보호의무위반,건조,맑음,기타 - 기타,승용,남,73세,상해없음,보행자,여,22세,경상
2019110800100198,2019년 11월 8일 08시,금요일,대전광역시 동구 신흥동,경상사고,0,0,1,0,차대사람 - 횡단중,안전운전불이행,건조,맑음,단일로 - 기타,승용,남,51세,상해없음,보행자,남,14세,경상
2019110800100199,2019년 11월 8일 08시,금요일,대전광역시 서구 가장동,경상사고,0,0,1,0,차대사람 - 횡단중,안전운전불이행,건조,맑음,단일로 - 기타,승용,여,33세,상해없음,보행자,남,7세,경상
2019110800100313,2019년 11월 8일 11시,금요일,대전광역시 대덕구 송촌동,중상사고,0,1,0,0,차대사람 - 횡단중,안전운전불이행,건조,맑음,교차로 - 교차로안,승용,여,37세,상해없음,보행자,여,75세,중상