사고번호,사고일시,요일,시군구,사고내용,사망자수,중상자수,경상자수,부상신고자수,사고유형,법규위반,노면상태,기상상태,도로형태,가해운전자 차종,가해운전자 성별,가해운전자 연령,가해운전자 상해정도,피해운전자 차종,피해운전자 성별,피해운전자 연령,피해운전자 상해정도
2020021800100236,2020년 2월 18일 11시,화요일,대전광역시 중구 문화동,중상사고,0,1,0,0,차대사람 - 횡단중,안전운전불이행,건조,맑음,교차로 - 교차로안,화물,남,25세,상해없음,보행자,여,73세,중상
2020021800100237,2020년 2월 18일 11시,화요일,대전광역시 동구 용전동,중상사고,0,1,0,0,차대사람 - 횡단중,보행자보호의무위반,건조,맑음,교차로 - 교차로부근,화물,남,58세,상해없음,보행자,남,82세,중상
2020021800100274,2020년 2월 18일 12시,화요일,대전광역시 동구 효동,경상사고,0,0,1,0,차대사람 - 횡단중,보행자보호의무위반,건조,맑음,단일로 - 기타,승용,남,46세,상해없음,보행자,남,81세,경상
2020021800100311,2020년 2월 18일 13시,화요일,대전광역시 유성구 궁동,경상사고,0,0,1,0,차대사람 - 기타,기타,건조,맑음,단일로 - 기타,승합,남,67세,상해없음,보행자,여,64세,경상
2020021800100395,2020년 2월 18일 15시,화요일,대전광역시 동구 홍도동,경상사고,0,0,1,0,차대사람 - 횡단중,안전운전불이행,건조,맑음,교차로 - 교차로부근,화물,남,50세,상해없음,보행자,남,69세,경상
2020021800100630,2020년 2월 18일 19시,화요일,대전광역시 대덕구 송촌동,경상사고,0,0,1,0,차대사람 - 횡단중,안전운전불이행,건조,맑음,단일로 - 기타,승용,남,61세,상해없음,보행자,남,52세,경상
2020021800100680,2020년 2월 18일 20시,화요일,대전광역시 유성구 상대동,중상사고,0,1,0,0,차대사람 - 횡단중,안전운전불이행,건조,맑음,교차로 - 교차로부근,승용,남,56세,상해없음,보행자,남,64세,중상
2020021800100712,2020년 2월 18일 21시,화요일,대전광역시 동구 가양동,중상사고,0,1,0,0,차대사람 - 횡단중,신호위반,건조,맑음,교차로 - 교차로안,이륜,남,19세,상해없음,보행자,여,25세,중상
2020021900100037,2020년 2월 19일 02시,수요일,대전광역시 중구 대흥동,경상사고,0,0,1,0,차대사람 - 기타,안전운전불이행,건조,맑음,단일로 - 기타,승용,남,22세,상해없음,보행자,남,24세,경상
2020021900100160,2020년 2월 19일 09시,수요일,대전광역시 중구 중촌동,경상사고,0,0,1,0,차대사람 - 횡단중,신호위반,건조,맑음,교차로 - 교차로횡단보도내,건설기계,남,56세,상해없음,보행자,여,20세,경상
2020021900100483,2020년 2월 19일 17시,수요일,대전광역시 유성구 어은동,경상사고,0,0,1,0,차대사람 - 횡단중,중앙선침범,건조,맑음,단일로 - 기타,승용,여,58세,상해없음,보행자,남,56세,경상
2020022000100619,2020년 2월 20일 20시,목요일,대전광역시 동구 가양동,중상사고,0,1,0,0,차대사람 - 횡단중,안전운전불이행,건조,맑음,단일로 - 기타,승용,여,20세,상해없음,보행자,남,90세,중상
2020022000100706,2020년 2월 20일 23시,목요일,대전광역시 대덕구 중리동,사망사고,1,0,0,0,차대사람 - 차도통행중,안전운전불이행,건조,맑음,단일로 - 기타,승용,남,24세,상해없음,보행자,남,39세,사망
2020022100100095,2020년 2월 21일 06시,금요일,대전광역시 서구 탄방동,경상사고,0,0,1,0,차대사람 - 기타,안전운전불이행,건조,흐림,단일로 - 기타,승용,남,49세,상해없음,보행자,남,34세,경상
2020022100100159,2020년 2월 21일 08시,금요일,대전광역시 중구 유천동,중상사고,0,1,0,0,차대사람 - 보도통행중,기타,젖음/습기,흐림,단일로 - 기타,개인형이동수단(PM),남,31세,상해없음,보행자,여,73세,중상
2020022100100192,2020년 2월 21일 09시,금요일,대전광역시 서구 탄방동,경상사고,0,0,1,0,차대사람 - 기타,안전운전불이행,건조,맑음,단일로 - 기타,승용,남,31세,상해없음,보행자,남,33세,경상
2020022100100193,2020년 2월 21일 09시,금요일,대전광역시 서구 갈마동,중상사고,0,1,1,0,차대사람 - 횡단중,보행자보호의무위반,건조,맑음,단일로 - 기타,승용,남,45세,상해없음,보행자,여,20세,중상
2020022100100244,2020년 2월 21일 11시,금요일,대전광역시 서구 갈마동,경상사고,0,0,1,0,차대사람 - 차도통행중,안전운전불이행,건조,맑음,단일로 - 기타,승용,남,48세,상해없음,보행자,여,62세,경상
2020022100100305,2020년 2월 21일 13시,금요일,대전광역시 중구 산성동,경상사고,0,0,1,0,차대사람 - 기타,안전운전불이행,건조,맑음,단일로 - 기타,승용,남,43세,상해없음,보행자,남,56세,경상
2020022100100485,2020년 2월 21일 18시,금요일,대전광역시 중구 산성동,경상사고,0,0,1,0,차대사람 - 횡단중,보행자보호의무위반,건조,맑음,교차로 - 교차로횡단보도내,승용,여,74세,상해없음,보행자,여,57세,경상
2020022100100538,2020년 2월 21일 19시,금요일,대전광역시 서구 괴정동,경상사고,0,0,1,0,차대사람 - 기타,안전운전불이행,젖음/습기,비,단일로 - 기타,승용,남,39세,상해없음,보행자,남,30세,경상
2020022100100539,2020년 2월 21일 19시,금요일,대전광역시 서구 정림동,중상사고,0,1,0,0,차대사람 - 횡단중,안전운전불이행,젖음/습기,비,교차로 - 교차로횡단보도내,승용,여,53세,상해없음,보행자,여,60세,중상
2020022100100590,2020년 2월 21일 20시,금요일,대전광역시 서구 탄방동,경상사고,0,0,1,0,차대사람 - 횡단중,보행자보호의무위반,기타,비,교차로 - 교차로횡단보도내,승용,남,48세,상해없음,보행자,남,36세,경상
2020022100100700,2020년 2월 21일 23시,금요일,대전광역시 서구 둔산동,경상사고,0,0,1,0,차대사람 - 횡단중,안전운전불이행,젖음/습기,비,교차로 - 교차로횡단보도내,승용,여,45세,상해없음,보행자,남,59세,경상
2020022200100030,2020년 2월 22일 00시,토요일,대전광역시 대덕구 신탄진동,중상사고,0,1,0,0,차대사람 - 기타,안전운전불이행,젖음/습기,비,단일로 - 기타,승용,남,66세,기타불명,보행자,여,63세,중상
2020022200100316,2020년 2월 22일 15시,토요일,대전광역시 서구 도마동,경상사고,0,0,1,0,차대사람 - 횡단중,보행자보호의무위반,건조,맑음,교차로 - 교차로횡단보도내,건설기계,남,54세,상해없음,보행자,남,83세,경상
2020022300100240,2020년 2월 23일 17시,일요일,대전광역시 중구 산성동,중상사고,0,1,0,0,차대사람 - 기타,보행자보호의무위반,건조,맑음,단일로 - 기타,승용,남,21세,상해없음,보행자,남,6세,중상
2020022300100333,2020년 2월 23일 21시,일요일,대전광역시 중구 문창동,경상사고,0,0,1,0,차대사람 - 횡단중,안전운전불이행,건조,맑음,단일로 - 기타,이륜,남,38세,상해없음,보행자,남,50세,경상
2020022300100361,2020년 2월 23일 23시,일요일,대전광역시 서구 둔산동,경상사고,0,0,2,0,차대사람 - 기타,안전운전불이행,건조,맑음,교차로 - 교차로횡단보도내,승용,남,59세,경상,보행자,남,58세,경상
2020022400100107,2020년 2월 24일 08시,월요일,대전광역시 동구 소제동,경상사고,0,0,1,0,차대사람 - 보도통행중,보행자보호의무위반,건조,맑음,교차로 - 교차로횡단보도내,화물,남,68세,상해없음,보행자,남,23세,경상
2020022400100109,2020년 2월 24일 08시,월요일,대전광역시 서구 월평동,중상사고,0,1,0,0,차대사람 - 횡단중,보행자보호의무위반,건조,맑음,교차로 - 교차로횡단보도내,승용,남,39세,상해없음,보행자,여,68세,중상
2020022400100180,2020년 2월 24일 11시,월요일,대전광역시 서구 둔산동,경상사고,0,0,1,0,차대사람 - 기타,안전운전불이행,건조,맑음,단일로 - 기타,승합,남,62세,상해없음,보행자,남,21세,경상
2020022400100437,2020년 2월 24일 19시,월요일,대전광역시 중구 유천동,경상사고,0,0,1,0,차대사람 - 횡단중,신호위반,건조,맑음,단일로 - 기타,승용,남,63세,상해없음,보행자,여,59세,경상
2020022400100466,2020년 2월 24일 20시,월요일,대전광역시 대덕구 문평동,경상사고,0,0,1,0,차대사람 - 횡단중,신호위반,건조,맑음,교차로 - 교차로안,승용,여,61세,상해없음,보행자,여,24세,경상
2020022400100467,2020년 2월 24일 20시,월요일,대전광역시 서구 갈마동,중상사고,0,1,0,0,차대사람 - 기타,안전운전불이행,건조,맑음,교차로 - 교차로안,화물,남,49세,상해없음,보행자,여,25세,중상
2020022500100397,2020년 2월 25일 19시,화요일,대전광역시 서구 가수원동,경상사고,0,0,1,0,차대사람 - 횡단중,보행자보호의무위반,젖음/습기,비,교차로 - 교차로횡단보도내,이륜,남,33세,상해없음,보행자,남,43세,경상
2020022500100469,2020년 2월 25일 23시,화요일,대전광역시 서구 괴정동,중상사고,0,1,0,0,차대사람 - 기타,안전운전불이행,젖음/습기,흐림,단일로 - 기타,승용,남,67세,상해없음,보행자,남,52세,중상
2020022600100030,2020년 2월 26일 04시,수요일,대전광역시 서구 괴정동,경상사고,0,0,1,0,차대사람 - 기타,안전운전불이행,건조,맑음,단일로 - 기타,승용,남,52세,상해없음,보행자,남,24세,경상
2020022600100131,2020년 2월 26일 09시,수요일,대전광역시 중구 문화동,경상사고,0,0,1,0,차대사람 - 횡단중,보행자보호의무위반,건조,맑음,단일로 - 기타,승용,남,61세,상해없음,보행자,여,35세,경상
2020022600100176,2020년 2월 26일 11시,수요일,대전광역시 서구 내동,중상사고,0,1,0,0,차대사람 - 횡단중,안전운전불이행,건조,맑음,단일로 - 기타,승용,여,53세,상해없음,보행자,여,80세,중상
2020022600100304,2020년 2월 26일 17시,수요일,대전광역시 유성구 도룡동,경상사고,0,0,1,0,차대사람 - 기타,안전운전불이행,건조,맑음,교차로 - 교차로부근,승용,남,48세,상해없음,보행자,여,37세,경상
2020022600100393,2020년 2월 26일 19시,수요일,대전광역시 동구 인동,경상사고,0,0,1,0,차대사람 - 차도통행중,안전운전불이행,건조,맑음,단일로 - 기타,승합,남,63세,상해없음,보행자,남,59세,경상
2020022700100171,2020년 2월 27일 11시,목요일,대전광역시 중구 유천동,경상사고,0,0,1,0,차대사람 - 길가장자리구역통행중,안전운전불이행,건조,맑음,단일로 - 기타,승용,여,59세,상해없음,보행자,여,31세,경상
2020022700100313,2020년 2월 27일 17시,목요일,대전광역시 동구 신흥동,중상사고,0,1,0,0,차대사람 - 횡단중,안전운전불이행,건조,맑음,교차로 - 교차로횡단보도내,승용,여,59세,상해없음,보행자,여,78세,중상
2020022800100404,2020년 2월 28일 20시,금요일,대전광역시 중구 유천동,경상사고,0,0,1,0,차대사람 - 길가장자리구역통행중,안전운전불이행,젖음/습기,비,교차로 - 교차로부근,화물,남,62세,상해없음,보행자,남,51세,경상
2020022800100448,2020년 2월 28일 22시,금요일,대전광역시 동구 홍도동,중상사고,0,1,0,0,차대사람 - 횡단중,보행자보호의무위반,건조,맑음,교차로 - 교차로횡단보도내,승용,여,34세,상해없음,보행자,여,58세,중상
2020022900100213,2020년 2월 29일 14시,토요일,대전광역시 대덕구 송촌동,중상사고,0,1,0,0,차대사람 - 기타,안전운전불이행,건조,맑음,단일로 - 기타,승합,남,48세,기타불명,보행자,남,19세,중상
2020030200100191,2020년 3월 2일 12시,월요일,대전광역시 대덕구 석봉동,경상사고,0,0,1,0,차대사람 - 차도통행중,안전운전불이행,건조,맑음,단일로 - 기타,승용,남,43세,상해없음,보행자,남,57세,경상
2020030200100243,2020년 3월 2일 14시,월요일,대전광역시 중구 목동,중상사고,0,1,0,0,차대사람 - 기타,신호위반,건조,맑음,단일로 - 기타,이륜,남,37세,상해없음,보행자,여,20세,중상
2020030200100266,2020년 3월 2일 15시,월요일,대전광역시 중구 유천동,부상신고사고,0,0,0,1,차대사람 - 기타,안전운전불이행,건조,맑음,교차로 - 교차로안,기타불명,기타불명,미분류,기타불명,보행자,남,46세,부상신고
2020030200100267,2020년 3월 2일 15시,월요일,대전광역시 동구 삼성동,사망사고,1,0,0,0,차대사람 - 횡단중,보행자보호의무위반,건조,맑음,교차로 - 교차로횡단보도내,승용,남,56세,상해없음,보행자,여,63세,사망
2020030200100433,2020년 3월 2일 21시,월요일,대전광역시 동구 성남동,중상사고,0,1,0,0,차대사람 - 기타,안전운전불이행,건조,맑음,교차로 - 교차로부근,승용,남,30세,상해없음,보행자,남,47세,중상
2020030300100010,2020년 3월 3일 00시,화요일,대전광역시 서구 변동,중상사고,0,1,0,0,차대사람 - 횡단중,안전운전불이행,건조,맑음,교차로 - 교차로안,승용,남,71세,상해없음,보행자,남,68세,중상
2020030300100182,2020년 3월 3일 12시,화요일,대전광역시 서구 월평동,중상사고,0,1,0,1,차대사람 - 기타,안전운전불이행,건조,맑음,기타 - 기타,승용,남,58세,상해없음,보행자,남,36세,중상
2020030300100200,2020년 3월 3일 13시,화요일,대전광역시 중구 대흥동,경상사고,0,0,1,0,차대사람 - 횡단중,안전운전불이행,건조,맑음,단일로 - 기타,승용,여,34세,상해없음,보행자,여,73세,경상
2020030400100103,2020년 3월 4일 10시,수요일,대전광역시 중구 용두동,경상사고,0,0,1,0,차대사람 - 보도통행중,보행자보호의무위반,건조,맑음,단일로 - 기타,자전거,남,64세,상해없음,보행자,남,43세,경상
2020030400100185,2020년 3월 4일 13시,수요일,대전광역시 유성구 지족동,중상사고,0,1,0,0,차대사람 - 기타,안전운전불이행,건조,맑음,교차로 - 교차로부근,화물,남,48세,상해없음,보행자,여,50세,중상
2020030400100349,2020년 3월 4일 19시,수요일,대전광역시 서구 갈마동,경상사고,0,0,1,0,차대사람 - 길가장자리구역통행중,안전운전불이행,건조,맑음,단일로 - 기타,기타불명,기타불명,미분류,기타불명,보행자,남,72세,경상
2020030500100023,2020년 3월 5일 01시,목요일,대전광역시 서구 둔산동,경상사고,0,0,1,0,차대사람 - 기타,안전운전불이행,건조,맑음,단일로 - 기타,승용,남,26세,상해없음,보행자,남,22세,경상
2020030500100060,2020년 3월 5일 06시,목요일,대전광역시 서구 둔산동,중상사고,0,1,0,0,차대사람 - 횡단중,보행자보호의무위반,건조,맑음,교차로 - 교차로횡단보도내,승용,남,46세,상해없음,보행자,남,35세,중상
2020030500100153,2020년 3월 5일 10시,목요일,대전광역시 서구 둔산동,경상사고,0,0,1,0,차대사람 - 길가장자리구역통행중,안전운전불이행,건조,맑음,단일로 - 기타,화물,남,53세,상해없음,보행자,남,31세,경상
2020030500100411,2020년 3월 5일 19시,목요일,대전광역시 대덕구 법동,경상사고,0,0,1,0,차대사람 - 횡단중,안전운전불이행,건조,맑음,교차로 - 교차로안,이륜,남,58세,기타불명,보행자,남,57세,경상
2020030600100173,2020년 3월 6일 10시,금요일,대전광역시 서구 갈마동,중상사고,0,1,0,0,차대사람 - 횡단중,보행자보호의무위반,건조,맑음,단일로 - 기타,승용,남,58세,상해없음,보행자,여,60세,중상
2020030600100250,2020년 3월 6일 13시,금요일,대전광역시 중구 유천동,경상사고,0,0,1,0,차대차 - 기타,보행자보호의무위반,건조,맑음,교차로 - 교차로횡단보도내,기타불명,기타불명,미분류,기타불명,승용,남,60세,기타불명
2020030600100350,2020년 3월 6일 16시,금요일,대전광역시 유성구 송강동,경상사고,0,0,1,0,차대사람 - 횡단중,신호위반,건조,맑음,교차로 - 교차로횡단보도내,이륜,남,64세,상해없음,보행자,여,28세,경상
2020030600100409,2020년 3월 6일 17시,금요일,대전광역시 서구 변동,중상사고,0,1,0,0,차대사람 - 기타,안전운전불이행,건조,맑음,교차로 - 교차로부근,승용,남,56세,상해없음,보행자,남,40세,중상
2020030700100326,2020년 3월 7일 18시,토요일,대전광역시 대덕구 대화동,경상사고,0,0,1,0,차대사람 - 기타,안전운전불이행,건조,맑음,단일로 - 기타,승용,여,49세,상해없음,보행자,여,54세,경상
2020030700100407,2020년 3월 7일 21시,토요일,대전광역시 동구 판암동,경상사고,0,0,1,0,차대사람 - 차도통행중,안전운전불이행,건조,맑음,교차로 - 교차로안,화물,남,31세,상해없음,보행자,남,59세,경상
2020030800100270,2020년 3월 8일 17시,일요일,대전광역시 유성구 지족동,중상사고,0,1,0,0,차대사람 - 기타,기타,건조,맑음,기타 - 기타,이륜,남,19세,상해없음,보행자,남,51세,중상
2020030800100361,2020년 3월 8일 22시,일요일,대전광역시 동구 삼성동,경상사고,0,0,1,0,차대사람 - 기타,안전운전불이행,건조,맑음,단일로 - 기타,승합,남,58세,상해없음,보행자,여,58세,경상
2020030900100401,2020년 3월 9일 18시,월요일,대전광역시 중구 문화동,경상사고,0,0,1,0,차대사람 - 횡단중,보행자보호의무위반,건조,맑음,단일로 - 기타,승용,남,32세,상해없음,보행자,남,35세,경상
2020030900100403,2020년 3월 9일 18시,월요일,대전광역시 서구 갈마동,경상사고,0,0,1,0,차대사람 - 기타,안전운전불이행,건조,맑음,단일로 - 기타,승용,남,34세,상해없음,보행자,여,41세,경상
2020030900100435,2020년 3월 9일 19시,월요일,대전광역시 동구 신안동,중상사고,0,1,0,0,차대사람 - 보도통행중,신호위반,젖음/습기,비,교차로 - 교차로안,이륜,남,22세,상해없음,보행자,여,49세,중상
2020030900100461,2020년 3월 9일 20시,월요일,대전광역시 서구 관저동,중상사고,0,1,0,0,차대사람 - 횡단중,안전운전불이행,젖음/습기,비,교차로 - 교차로부근,승용,여,24세,상해없음,보행자,여,9세,중상
2020030900100500,2020년 3월 9일 21시,월요일,대전광역시 유성구 전민동,경상사고,0,0,1,0,차대사람 - 기타,안전운전불이행,젖음/습기,비,교차로 - 교차로부근,승용,남,48세,상해없음,보행자,남,28세,경상
2020030900100522,2020년 3월 9일 22시,월요일,대전광역시 서구 도마동,경상사고,0,0,1,0,차대사람 - 횡단중,신호위반,젖음/습기,비,교차로 - 교차로횡단보도내,이륜,남,59세,상해없음,보행자,남,62세,경상
2020031000100023,2020년 3월 10일 00시,화요일,대전광역시 동구 판암동,중상사고,0,1,0,0,차대사람 - 횡단중,안전운전불이행,젖음/습기,비,교차로 - 교차로부근,승용,여,41세,상해없음,보행자,여,60세,중상
2020031000100177,2020년 3월 10일 11시,화요일,대전광역시 동구 용운동,경상사고,0,0,1,0,차대사람 - 길가장자리구역통행중,안전운전불이행,젖음/습기,비,단일로 - 기타,승용,남,67세,상해없음,보행자,여,54세,경상
2020031000100354,2020년 3월 10일 18시,화요일,대전광역시 동구 자양동,경상사고,0,0,1,0,차대사람 - 차도통행중,안전운전불이행,건조,맑음,단일로 - 기타,승용,여,39세,상해없음,보행자,남,61세,경상
2020031100100500,2020년 3월 11일 21시,수요일,대전광역시 유성구 봉명동,경상사고,0,0,1,0,차대사람 - 기타,보행자보호의무위반,건조,맑음,교차로 - 교차로안,승용,여,38세,상해없음,보행자,남,35세,경상
2020031200100171,2020년 3월 12일 10시,목요일,대전광역시 서구 변동,경상사고,0,0,1,0,차대사람 - 보도통행중,안전운전불이행,건조,맑음,교차로 - 교차로안,이륜,남,31세,상해없음,보행자,여,55세,경상
2020031200100172,2020년 3월 12일 10시,목요일,대전광역시 서구 탄방동,경상사고,0,0,1,0,차대사람 - 기타,안전운전불이행,건조,맑음,기타 - 기타,자전거,남,59세,상해없음,보행자,여,56세,경상
2020031200100204,2020년 3월 12일 11시,목요일,대전광역시 유성구 구암동,경상사고,0,0,1,0,차대사람 - 기타,안전운전불이행,건조,맑음,단일로 - 기타,승용,여,54세,상해없음,보행자,남,33세,경상
2020031200100228,2020년 3월 12일 12시,목요일,대전광역시 중구 선화동,부상신고사고,0,0,0,1,차대사람 - 기타,안전운전불이행,건조,맑음,단일로 - 기타,승용,여,56세,상해없음,보행자,남,25세,부상신고
2020031300100111,2020년 3월 13일 09시,금요일,대전광역시 중구 문화동,경상사고,0,0,1,0,차대사람 - 횡단중,보행자보호의무위반,건조,맑음,교차로 - 교차로횡단보도내,화물,남,51세,상해없음,보행자,남,42세,경상
2020031300100112,2020년 3월 13일 09시,금요일,대전광역시 유성구 원내동,부상신고사고,0,0,0,1,차대사람 - 횡단중,안전운전불이행,건조,맑음,교차로 - 교차로부근,화물,남,58세,상해없음,보행자,남,80세,부상신고
2020031300100162,2020년 3월 13일 11시,금요일,대전광역시 유성구 전민동,경상사고,0,0,1,0,차대사람 - 기타,안전운전불이행,건조,맑음,교차로 - 교차로횡단보도내,화물,남,51세,상해없음,보행자,남,44세,경상
2020031400100479,2020년 3월 14일 20시,토요일,대전광역시 서구 변동,중상사고,0,1,0,0,차대사람 - 기타,보행자보호의무위반,건조,맑음,교차로 - 교차로횡단보도내,승용,여,45세,기타불명,보행자,남,62세,중상
2020031500100039,2020년 3월 15일 02시,일요일,대전광역시 서구 갈마동,경상사고,0,0,1,0,차대사람 - 횡단중,보행자보호의무위반,건조,맑음,교차로 - 교차로횡단보도내,승용,남,64세,상해없음,보행자,남,21세,경상
2020031500100232,2020년 3월 15일 17시,일요일,대전광역시 서구 만년동,부상신고사고,0,0,0,1,차대사람 - 기타,안전운전불이행,건조,맑음,단일로 - 기타,승용,남,46세,상해없음,보행자,남,7세,부상신고
2020031500100310,2020년 3월 15일 20시,일요일,대전광역시 대덕구 송촌동,경상사고,0,0,1,0,차대사람 - 길가장자리구역통행중,안전운전불이행,건조,맑음,단일로 - 기타,이륜,여,24세,상해없음,보행자,남,44세,경상
2020031500100311,2020년 3월 15일 20시,일요일,대전광역시 유성구 장대동,경상사고,0,0,1,0,차대사람 - 기타,안전운전불이행,건조,맑음,단일로 - 기타,승용,남,40세,상해없음,보행자,남,65세,경상
2020031600100072,2020년 3월 16일 07시,월요일,대전광역시 유성구 원내동,중상사고,0,1,0,0,차대사람 - 보도통행중,신호위반,건조,맑음,교차로 - 교차로횡단보도내,승용,여,50세,상해없음,보행자,남,52세,중상
2020031600100515,2020년 3월 16일 21시,월요일,대전광역시 서구 괴정동,경상사고,0,0,1,0,차대사람 - 기타,안전운전불이행,건조,맑음,단일로 - 기타,승용,여,24세,상해없음,보행자,남,33세,경상
2020031700100117,2020년 3월 17일 09시,화요일,대전광역시 중구 유천동,중상사고,0,1,0,0,차대사람 - 길가장자리구역통행중,안전운전불이행,건조,맑음,교차로 - 교차로부근,승용,남,58세,상해없음,보행자,여,84세,중상
2020031700100139,2020년 3월 17일 10시,화요일,대전광역시 동구 용전동,중상사고,0,1,0,0,차대사람 - 차도통행중,안전운전불이행,건조,맑음,단일로 - 기타,이륜,남,23세,상해없음,보행자,여,24세,중상
2020031800100292,2020년 3월 18일 15시,수요일,대전광역시 중구 대사동,경상사고,0,0,2,0,차대차 - 기타,중앙선침범,건조,맑음,단일로 - 기타,승용,여,28세,상해없음,승용,여,32세,기타불명
2020031900100146,2020년 3월 19일 11시,목요일,대전광역시 서구 탄방동,경상사고,0,0,1,0,차대사람 - 횡단중,신호위반,건조,맑음,교차로 - 교차로횡단보도내,이륜,남,26세,상해없음,보행자,여,56세,경상
2020032000100029,2020년 3월 20일 01시,금요일,대전광역시 서구 둔산동,중상사고,0,1,0,0,차대사람 - 기타,안전운전불이행,건조,맑음,교차로 - 교차로부근,승용,남,51세,상해없음,보행자,여,25세,중상
2020032000100391,2020년 3월 20일 16시,금요일,대전광역시 동구 용전동,경상사고,0,0,1,0,차대사람 - 기타,보행자보호의무위반,건조,맑음,교차로 - 교차로횡단보도내,승용,남,81세,상해없음,보행자,여,48세,경상
2020032100100052,2020년 3월 21일 03시,토요일,대전광역시 서구 둔산동,경상사고,0,0,1,0,차대사람 - 기타,안전운전불이행,건조,맑음,단일로 - 기타,승용,남,58세,상해없음,보행자,남,26세,경상
2020032300100018,2020년 3월 23일 01시,월요일,대전광역시 유성구 봉명동,경상사고,0,0,1,0,차대사람 - 기타,안전운전불이행,건조,맑음,단일로 - 기타,승용,남,37세,상해없음,보행자,남,43세,경상
2020032300100107,2020년 3월 23일 08시,월요일,대전광역시 유성구 노은동,중상사고,0,1,0,0,차대사람 - 기타,안전운전불이행,건조,맑음,단일로 - 기타,승합,남,56세,상해없음,보행자,여,65세,중상
2020032300100272,2020년 3월 23일 13시,월요일,대전광역시 동구 삼성동,경상사고,0,0,1,0,차대사람 - 횡단중,안전운전불이행,건조,맑음,교차로 - 교차로안,승용,여,59세,상해없음,보행자,여,46세,경상
2020032300100534,2020년 3월 23일 21시,월요일,대전광역시 유성구 봉명동,중상사고,0,1,0,0,차대사람 - 기타,안전운전불이행,건조,맑음,기타 - 기타,승용,여,25세,상해없음,보행자,남,37세,중상
2020032400100028,2020년 3월 24일 02시,화요일,대전광역시 유성구 궁동,경상사고,0,0,1,0,차대사람 - 기타,안전운전불이행,건조,맑음,단일로 - 기타,승용,남,59세,상해없음,보행자,여,23세,경상
2020032400100359,2020년 3월 24일 16시,화요일,대전광역시 서구 용문동,경상사고,0,0,1,0,차대사람 - 기타,안전운전불이행,건조,맑음,단일로 - 기타,승용,남,70세,상해없음,보행자,남,43세,경상
2020032500100128,2020년 3월 25일 09시,수요일,대전광역시 서구 갈마동,경상사고,0,0,1,0,차대사람 - 기타,안전운전불이행,건조,맑음,단일로 - 기타,승용,여,49세,기타불명,보행자,남,22세,경상
2020032500100539,2020년 3월 25일 21시,수요일,대전광역시 중구 대흥동,경상사고,0,0,1,0,차대사람 - 기타,안전운전불이행,건조,맑음,교차로 - 교차로안,승용,남,50세,상해없음,보행자,남,45세,경상
2020032600100203,2020년 3월 26일 12시,목요일,대전광역시 중구 대사동,사망사고,1,0,0,0,차대사람 - 횡단중,안전운전불이행,건조,맑음,단일로 - 기타,승용,남,28세,상해없음,보행자,여,83세,사망
2020032600100373,2020년 3월 26일 18시,목요일,대전광역시 서구 용문동,경상사고,0,0,1,0,차대사람 - 길가장자리구역통행중,안전운전불이행,젖음/습기,흐림,단일로 - 기타,승용,남,26세,상해없음,보행자,여,30세,경상
2020032600100419,2020년 3월 26일 19시,목요일,대전광역시 중구 대흥동,경상사고,0,0,1,0,차대사람 - 기타,안전운전불이행,건조,맑음,단일로 - 기타,승용,남,25세,기타불명,보행자,남,27세,경상
2020032700100096,2020년 3월 27일 07시,금요일,대전광역시 동구 구도동,경상사고,0,0,3,0,차대차 - 추돌,안전운전불이행,젖음/습기,비,교차로 - 교차로부근,승용,남,49세,상해없음,화물,기타불명,미분류,기타불명
2020032700100159,2020년 3월 27일 10시,금요일,대전광역시 동구 대동,경상사고,0,0,1,0,차대사람 - 기타,안전운전불이행,젖음/습기,비,단일로 - 기타,승용,남,61세,상해없음,보행자,남,45세,경상
2020032800100213,2020년 3월 28일 12시,토요일,대전광역시 서구 둔산동,중상사고,0,1,0,0,차대사람 - 횡단중,안전운전불이행,건조,맑음,단일로 - 기타,승용,여,59세,상해없음,보행자,남,65세,중상
2020032800100321,2020년 3월 28일 16시,토요일,대전광역시 서구 둔산동,중상사고,0,1,0,0,차대사람 - 횡단중,안전운전불이행,건조,맑음,교차로 - 교차로안,승용,여,54세,상해없음,보행자,남,44세,중상
2020032800100451,2020년 3월 28일 20시,토요일,대전광역시 서구 도마동,중상사고,0,1,0,0,차대사람 - 횡단중,안전운전불이행,건조,맑음,교차로 - 교차로안,승용,남,55세,상해없음,보행자,남,80세,중상
2020032900100034,2020년 3월 29일 01시,일요일,대전광역시 서구 둔산동,중상사고,0,1,1,0,차대사람 - 기타,안전운전불이행,건조,맑음,단일로 - 기타,승용,남,28세,상해없음,보행자,남,24세,중상
2020032900100388,2020년 3월 29일 23시,일요일,대전광역시 서구 갈마동,경상사고,0,0,1,0,차대사람 - 길가장자리구역통행중,안전운전불이행,건조,맑음,단일로 - 기타,승용,남,38세,상해없음,보행자,남,34세,경상
2020033000100318,2020년 3월 30일 15시,월요일,대전광역시 유성구 송강동,중상사고,0,1,0,0,차대사람 - 기타,안전운전불이행,건조,맑음,교차로 - 교차로횡단보도내,화물,남,42세,상해없음,보행자,여,56세,중상
2020033000100495,2020년 3월 30일 20시,월요일,대전광역시 대덕구 신탄진동,중상사고,0,1,0,0,차대사람 - 기타,안전운전불이행,건조,맑음,단일로 - 기타,승용,남,60세,상해없음,보행자,남,67세,중상