사고번호,사고일시,요일,시군구,사고내용,사망자수,중상자수,경상자수,부상신고자수,사고유형,법규위반,노면상태,기상상태,도로형태,가해운전자 차종,가해운전자 성별,가해운전자 연령,가해운전자 상해정도,피해운전자 차종,피해운전자 성별,피해운전자 연령,피해운전자 상해정도
2020120700100414,2020년 12월 7일 18시,월요일,대전광역시 중구 산성동,경상사고,0,0,2,0,차대차 - 기타,안전운전불이행,건조,맑음,교차로 - 교차로부근,승용,여,60세,상해없음,승용,남,55세,상해없음
2020120700100450,2020년 12월 7일 19시,월요일,대전광역시 서구 탄방동,경상사고,0,0,1,0,차대사람 - 횡단중,보행자보호의무위반,건조,맑음,교차로 - 교차로횡단보도내,기타불명,기타불명,미분류,기타불명,보행자,남,15세,경상
2020120700100484,2020년 12월 7일 20시,월요일,대전광역시 유성구 구암동,중상사고,0,1,0,0,차대사람 - 보도통행중,보행자보호의무위반,건조,맑음,교차로 - 교차로횡단보도내,승용,여,51세,상해없음,보행자,남,70세,중상
2020120800100102,2020년 12월 8일 08시,화요일,대전광역시 동구 정동,경상사고,0,0,1,0,차대사람 - 기타,안전운전불이행,건조,맑음,교차로 - 교차로안,승용,남,59세,상해없음,보행자,여,70세,경상
2020120800100352,2020년 12월 8일 15시,화요일,대전광역시 서구 월평동,중상사고,0,1,2,0,차대차 - 추돌,안전운전불이행,건조,맑음,단일로 - 기타,승용,남,24세,상해없음,화물,남,28세,중상
2020120800100388,2020년 12월 8일 16시,화요일,대전광역시 서구 도마동,경상사고,0,0,1,0,차대사람 - 차도통행중,안전운전불이행,건조,맑음,단일로 - 기타,승용,남,35세,상해없음,보행자,여,24세,경상
2020120800100440,2020년 12월 8일 17시,화요일,대전광역시 서구 도마동,중상사고,0,1,0,0,차대사람 - 횡단중,보행자보호의무위반,건조,맑음,교차로 - 교차로횡단보도내,화물,남,52세,상해없음,보행자,여,63세,중상
2020120800100441,2020년 12월 8일 17시,화요일,대전광역시 유성구 상대동,경상사고,0,0,1,0,차대사람 - 기타,보행자보호의무위반,건조,맑음,단일로 - 기타,승용,남,59세,상해없음,보행자,남,8세,경상
2020120900100110,2020년 12월 9일 08시,수요일,대전광역시 서구 월평동,경상사고,0,0,1,0,차대사람 - 길가장자리구역통행중,안전운전불이행,건조,맑음,교차로 - 교차로안,승용,여,38세,상해없음,보행자,여,78세,경상
2020120900100316,2020년 12월 9일 15시,수요일,대전광역시 대덕구 덕암동,중상사고,0,1,0,0,차대사람 - 횡단중,보행자보호의무위반,건조,맑음,단일로 - 기타,승용,남,36세,상해없음,보행자,여,14세,중상
2020120900100571,2020년 12월 9일 21시,수요일,대전광역시 서구 탄방동,경상사고,0,0,1,0,차대사람 - 횡단중,보행자보호의무위반,건조,맑음,단일로 - 기타,이륜,남,43세,상해없음,보행자,남,26세,경상
2020121000100014,2020년 12월 10일 03시,목요일,대전광역시 대덕구 오정동,경상사고,0,0,1,0,차대사람 - 횡단중,안전운전불이행,건조,맑음,기타 - 기타,승용,남,44세,기타불명,보행자,남,8세,경상
2020121000100210,2020년 12월 10일 13시,목요일,대전광역시 중구 문창동,경상사고,0,0,1,0,차대사람 - 횡단중,보행자보호의무위반,건조,맑음,단일로 - 기타,화물,남,30세,상해없음,보행자,남,64세,경상
2020121000100211,2020년 12월 10일 13시,목요일,대전광역시 서구 변동,경상사고,0,0,1,0,차대사람 - 보도통행중,안전운전불이행,건조,맑음,기타 - 기타,자전거,남,11세,상해없음,보행자,남,61세,경상
2020121000100258,2020년 12월 10일 15시,목요일,대전광역시 서구 정림동,중상사고,0,1,0,0,차대사람 - 기타,안전운전불이행,건조,맑음,교차로 - 교차로부근,화물,남,55세,상해없음,보행자,여,84세,중상
2020121000100392,2020년 12월 10일 18시,목요일,대전광역시 중구 대흥동,경상사고,0,0,1,0,차대사람 - 기타,안전운전불이행,건조,맑음,기타 - 기타,자전거,여,48세,상해없음,보행자,여,4세,경상
2020121000100437,2020년 12월 10일 19시,목요일,대전광역시 서구 도마동,경상사고,0,0,1,0,차대차 - 기타,기타,건조,맑음,단일로 - 기타,승합,남,57세,상해없음,이륜,남,30세,상해없음
2020121000100507,2020년 12월 10일 21시,목요일,대전광역시 서구 둔산동,경상사고,0,0,1,0,차대사람 - 차도통행중,안전운전불이행,건조,맑음,단일로 - 기타,승용,남,36세,상해없음,보행자,남,18세,경상
2020121100100152,2020년 12월 11일 11시,금요일,대전광역시 중구 중촌동,경상사고,0,0,1,0,차대사람 - 횡단중,안전운전불이행,건조,맑음,교차로 - 교차로부근,승용,남,64세,상해없음,보행자,여,49세,경상
2020121100100153,2020년 12월 11일 11시,금요일,대전광역시 동구 정동,중상사고,0,1,0,0,차대사람 - 횡단중,보행자보호의무위반,건조,맑음,교차로 - 교차로횡단보도내,화물,남,58세,상해없음,보행자,여,74세,중상
2020121100100298,2020년 12월 11일 15시,금요일,대전광역시 서구 둔산동,경상사고,0,0,1,0,차대사람 - 횡단중,보행자보호의무위반,건조,맑음,교차로 - 교차로안,승용,남,67세,상해없음,보행자,남,39세,경상
2020121100100530,2020년 12월 11일 20시,금요일,대전광역시 중구 산성동,경상사고,0,0,1,0,차대사람 - 기타,기타,건조,맑음,기타 - 기타,이륜,남,74세,상해없음,보행자,남,56세,경상
2020121200100450,2020년 12월 12일 20시,토요일,대전광역시 서구 둔산동,중상사고,0,1,0,0,차대사람 - 횡단중,안전운전불이행,건조,맑음,교차로 - 교차로횡단보도내,승용,남,56세,상해없음,보행자,남,37세,중상
2020121300100011,2020년 12월 13일 00시,일요일,대전광역시 서구 갈마동,부상신고사고,0,0,0,1,차대사람 - 길가장자리구역통행중,안전운전불이행,건조,맑음,단일로 - 기타,승용,남,29세,상해없음,보행자,남,22세,부상신고
2020121300100212,2020년 12월 13일 15시,일요일,대전광역시 서구 탄방동,경상사고,0,0,1,0,차대사람 - 기타,신호위반,젖음/습기,맑음,교차로 - 교차로횡단보도내,이륜,남,32세,상해없음,보행자,남,64세,경상
2020121300100386,2020년 12월 13일 23시,일요일,대전광역시 동구 홍도동,경상사고,0,0,1,0,차대사람 - 횡단중,보행자보호의무위반,건조,맑음,교차로 - 교차로횡단보도내,이륜,남,39세,상해없음,보행자,남,42세,경상
2020121400100278,2020년 12월 14일 14시,월요일,대전광역시 동구 용전동,경상사고,0,0,1,0,차대사람 - 기타,안전운전불이행,건조,맑음,단일로 - 기타,승용,여,42세,상해없음,보행자,여,73세,경상
2020121400100440,2020년 12월 14일 18시,월요일,대전광역시 서구 갈마동,중상사고,0,1,0,0,차대사람 - 기타,안전운전불이행,건조,맑음,단일로 - 기타,승용,여,29세,상해없음,보행자,여,50세,중상
2020121400100544,2020년 12월 14일 22시,월요일,대전광역시 서구 괴정동,경상사고,0,0,1,0,차대사람 - 횡단중,신호위반,젖음/습기,맑음,단일로 - 기타,승용,남,40세,상해없음,보행자,여,59세,경상
2020121500100049,2020년 12월 15일 07시,화요일,대전광역시 중구 옥계동,중상사고,0,1,0,0,차대사람 - 기타,보행자보호의무위반,건조,맑음,기타 - 기타,승용,남,63세,상해없음,보행자,여,53세,중상
2020121500100126,2020년 12월 15일 10시,화요일,대전광역시 동구 용운동,경상사고,0,0,1,0,차대사람 - 기타,안전운전불이행,건조,맑음,교차로 - 교차로안,승용,남,60세,상해없음,보행자,여,20세,경상
2020121500100431,2020년 12월 15일 18시,화요일,대전광역시 대덕구 법동,경상사고,0,0,1,0,차대사람 - 횡단중,보행자보호의무위반,건조,맑음,교차로 - 교차로횡단보도내,승용,남,58세,상해없음,보행자,남,17세,경상
2020121500100510,2020년 12월 15일 20시,화요일,대전광역시 유성구 전민동,경상사고,0,0,1,0,차대사람 - 기타,안전운전불이행,건조,맑음,단일로 - 기타,승용,남,55세,상해없음,보행자,남,23세,경상
2020121600100023,2020년 12월 16일 05시,수요일,대전광역시 유성구 봉산동,중상사고,0,1,0,0,차대사람 - 횡단중,신호위반,건조,맑음,교차로 - 교차로횡단보도내,승용,남,70세,상해없음,보행자,남,61세,중상
2020121600100470,2020년 12월 16일 19시,수요일,대전광역시 대덕구 중리동,경상사고,0,0,1,0,차대사람 - 기타,안전운전불이행,건조,맑음,교차로 - 교차로안,승용,남,57세,상해없음,보행자,남,54세,경상
2020121700100309,2020년 12월 17일 14시,목요일,대전광역시 유성구 궁동,경상사고,0,0,2,0,차대사람 - 기타,안전운전불이행,건조,맑음,단일로 - 기타,승용,여,24세,상해없음,보행자,남,24세,경상
2020121700100340,2020년 12월 17일 15시,목요일,대전광역시 중구 은행동,경상사고,0,0,1,0,차대사람 - 횡단중,신호위반,건조,맑음,교차로 - 교차로횡단보도내,승용,여,48세,기타불명,보행자,남,21세,경상
2020121700100406,2020년 12월 17일 17시,목요일,대전광역시 중구 오류동,중상사고,0,1,0,0,차대사람 - 횡단중,신호위반,건조,맑음,교차로 - 교차로횡단보도내,원동기,남,24세,기타불명,보행자,남,55세,중상
2020121800100365,2020년 12월 18일 16시,금요일,대전광역시 유성구 지족동,중상사고,0,1,0,0,차대사람 - 기타,신호위반,건조,맑음,교차로 - 교차로횡단보도내,이륜,남,36세,상해없음,보행자,여,57세,중상
2020121900100412,2020년 12월 19일 18시,토요일,대전광역시 서구 변동,중상사고,0,1,0,0,차대사람 - 횡단중,안전운전불이행,건조,맑음,단일로 - 기타,승용,남,23세,상해없음,보행자,남,45세,중상
2020121900100414,2020년 12월 19일 18시,토요일,대전광역시 유성구 상대동,중상사고,0,1,0,0,차대사람 - 횡단중,보행자보호의무위반,건조,맑음,교차로 - 교차로횡단보도내,승용,남,22세,상해없음,보행자,여,67세,중상
2020121900100573,2020년 12월 19일 22시,토요일,대전광역시 중구 대흥동,중상사고,0,1,0,0,차대사람 - 기타,안전운전불이행,건조,맑음,단일로 - 기타,승용,남,22세,상해없음,보행자,남,21세,중상
2020121900100590,2020년 12월 19일 23시,토요일,대전광역시 서구 탄방동,경상사고,0,0,1,0,차대사람 - 기타,안전운전불이행,건조,맑음,교차로 - 교차로부근,승용,남,61세,상해없음,보행자,남,29세,경상
2020122100100176,2020년 12월 21일 10시,월요일,대전광역시 서구 내동,경상사고,0,0,1,0,차대사람 - 기타,안전운전불이행,건조,맑음,단일로 - 기타,승용,여,32세,상해없음,보행자,남,52세,경상
2020122200100070,2020년 12월 22일 07시,화요일,대전광역시 서구 내동,경상사고,0,0,1,0,차대사람 - 기타,안전운전불이행,건조,맑음,단일로 - 기타,화물,남,35세,상해없음,보행자,남,33세,경상
2020122200100099,2020년 12월 22일 08시,화요일,대전광역시 중구 문창동,중상사고,0,1,0,0,차대사람 - 기타,안전운전불이행,건조,맑음,단일로 - 기타,특수,남,49세,상해없음,보행자,남,59세,중상
2020122200100211,2020년 12월 22일 12시,화요일,대전광역시 동구 가양동,경상사고,0,0,2,0,차대사람 - 횡단중,보행자보호의무위반,건조,맑음,교차로 - 교차로부근,승용,남,63세,상해없음,보행자,여,31세,경상
2020122300100033,2020년 12월 23일 05시,수요일,대전광역시 중구 대사동,사망사고,1,0,0,0,차대사람 - 기타,과속,건조,맑음,단일로 - 기타,화물,남,35세,상해없음,보행자,여,73세,사망
2020122300100395,2020년 12월 23일 17시,수요일,대전광역시 유성구 어은동,부상신고사고,0,0,0,1,차대사람 - 횡단중,안전운전불이행,건조,맑음,단일로 - 기타,이륜,남,28세,상해없음,보행자,남,19세,부상신고
2020122300100474,2020년 12월 23일 18시,수요일,대전광역시 대덕구 중리동,중상사고,0,1,0,0,차대사람 - 보도통행중,보행자보호의무위반,건조,흐림,단일로 - 기타,승용,여,48세,기타불명,보행자,여,58세,중상
2020122300100560,2020년 12월 23일 20시,수요일,대전광역시 대덕구 오정동,경상사고,0,0,1,0,차대사람 - 기타,안전운전불이행,건조,흐림,단일로 - 기타,이륜,남,48세,상해없음,보행자,여,18세,경상
2020122400100065,2020년 12월 24일 07시,목요일,대전광역시 동구 가양동,경상사고,0,0,1,0,차대사람 - 횡단중,신호위반,건조,맑음,교차로 - 교차로횡단보도내,승용,남,22세,상해없음,보행자,여,60세,경상
2020122400100585,2020년 12월 24일 20시,목요일,대전광역시 중구 태평동,중상사고,0,1,1,0,차대차 - 기타,신호위반,건조,맑음,교차로 - 교차로부근,이륜,남,55세,상해없음,승합,남,41세,경상
2020122400100652,2020년 12월 24일 22시,목요일,대전광역시 서구 가수원동,경상사고,0,0,1,0,차대사람 - 기타,안전운전불이행,건조,맑음,교차로 - 교차로안,승용,남,21세,상해없음,보행자,남,47세,경상
2020122600100071,2020년 12월 26일 09시,토요일,대전광역시 중구 은행동,경상사고,0,0,1,0,차대사람 - 보도통행중,기타,건조,맑음,단일로 - 기타,원동기,남,42세,상해없음,보행자,여,31세,경상
2020122600100190,2020년 12월 26일 14시,토요일,대전광역시 유성구 전민동,중상사고,0,1,0,0,차대사람 - 기타,기타,건조,맑음,단일로 - 기타,승용,남,61세,상해없음,보행자,남,7세,중상
2020122700100127,2020년 12월 27일 15시,일요일,대전광역시 중구 문창동,경상사고,0,0,1,0,차대사람 - 보도통행중,안전운전불이행,건조,맑음,단일로 - 기타,승용,남,69세,기타불명,보행자,여,85세,경상
2020122800100165,2020년 12월 28일 10시,월요일,대전광역시 서구 내동,경상사고,0,0,1,0,차대사람 - 차도통행중,안전운전불이행,건조,맑음,단일로 - 기타,승용,남,74세,상해없음,보행자,여,30세,경상
2020122800100266,2020년 12월 28일 13시,월요일,대전광역시 서구 탄방동,경상사고,0,0,1,0,차대사람 - 기타,안전운전불이행,건조,맑음,교차로 - 교차로부근,원동기,남,27세,상해없음,보행자,여,32세,경상
2020122800100418,2020년 12월 28일 17시,월요일,대전광역시 서구 도마동,경상사고,0,0,1,0,차대사람 - 차도통행중,안전운전불이행,건조,맑음,교차로 - 교차로안,승용,남,68세,상해없음,보행자,여,74세,경상
2020122800100471,2020년 12월 28일 18시,월요일,대전광역시 유성구 봉명동,중상사고,0,1,0,0,차대사람 - 횡단중,보행자보호의무위반,건조,맑음,교차로 - 교차로횡단보도내,승용,여,43세,상해없음,보행자,여,53세,중상
2020122900100217,2020년 12월 29일 15시,화요일,대전광역시 동구 가양동,경상사고,0,0,1,0,차대사람 - 기타,기타,적설,맑음,기타 - 기타,자전거,기타불명,미분류,기타불명,보행자,남,36세,경상
2020122900100344,2020년 12월 29일 18시,화요일,대전광역시 중구 오류동,경상사고,0,0,1,0,차대사람 - 기타,중앙선침범,젖음/습기,눈,교차로 - 교차로횡단보도내,승용,여,54세,상해없음,보행자,남,42세,경상
2020122900100345,2020년 12월 29일 18시,화요일,대전광역시 중구 대흥동,경상사고,0,0,1,0,차대사람 - 기타,보행자보호의무위반,젖음/습기,눈,교차로 - 교차로횡단보도내,승합,남,56세,기타불명,보행자,남,65세,경상
2020122900100346,2020년 12월 29일 18시,화요일,대전광역시 서구 관저동,경상사고,0,0,1,0,차대사람 - 횡단중,신호위반,적설,눈,교차로 - 교차로안,이륜,남,21세,상해없음,보행자,남,54세,경상
2020122900100384,2020년 12월 29일 19시,화요일,대전광역시 서구 둔산동,경상사고,0,0,1,0,차대사람 - 기타,신호위반,젖음/습기,눈,교차로 - 교차로안,원동기,남,30세,상해없음,보행자,여,27세,경상
2020123000100113,2020년 12월 30일 09시,수요일,대전광역시 중구 대흥동,중상사고,0,1,0,0,차대사람 - 횡단중,중앙선침범,건조,맑음,단일로 - 기타,승용,여,56세,상해없음,보행자,남,91세,중상
2020123000100254,2020년 12월 30일 14시,수요일,대전광역시 동구 성남동,중상사고,0,1,0,0,차대사람 - 기타,보행자보호의무위반,건조,맑음,교차로 - 교차로안,화물,남,62세,상해없음,보행자,여,9세,중상
2020123000100255,2020년 12월 30일 14시,수요일,대전광역시 서구 용문동,경상사고,0,0,1,0,차대사람 - 기타,안전운전불이행,건조,맑음,단일로 - 기타,승용,여,58세,상해없음,보행자,여,50세,경상
2020123000100284,2020년 12월 30일 15시,수요일,대전광역시 대덕구 오정동,중상사고,0,1,0,0,차대사람 - 횡단중,보행자보호의무위반,건조,맑음,교차로 - 교차로횡단보도내,화물,남,48세,상해없음,보행자,여,28세,중상
2020123100100240,2020년 12월 31일 14시,목요일,대전광역시 대덕구 법동,부상신고사고,0,0,0,1,차대사람 - 기타,기타,건조,맑음,기타 - 기타,화물,남,60세,상해없음,보행자,여,69세,부상신고
2020123100100371,2020년 12월 31일 17시,목요일,대전광역시 중구 문창동,경상사고,0,0,1,0,차대사람 - 차도통행중,안전운전불이행,건조,맑음,단일로 - 기타,승용,여,61세,상해없음,보행자,여,66세,경상
2020123100100439,2020년 12월 31일 18시,목요일,대전광역시 대덕구 법동,경상사고,0,0,1,0,차대사람 - 횡단중,보행자보호의무위반,건조,맑음,교차로 - 교차로횡단보도내,승용,남,63세,상해없음,보행자,남,47세,경상
2020123100100488,2020년 12월 31일 19시,목요일,대전광역시 대덕구 오정동,경상사고,0,0,1,0,차대사람 - 기타,보행자보호의무위반,건조,맑음,교차로 - 교차로안,승용,남,29세,상해없음,보행자,남,20세,경상
2021010100100013,2021년 1월 1일 00시,금요일,대전광역시 대덕구 중리동,중상사고,0,1,0,0,차대사람 - 기타,안전운전불이행,건조,맑음,단일로 - 기타,승용,남,58세,상해없음,보행자,여,35세,중상
2021010100100070,2021년 1월 1일 11시,금요일,대전광역시 동구 용운동,경상사고,0,0,1,0,차대사람 - 기타,안전운전불이행,젖음/습기,눈,단일로 - 기타,승용,남,61세,상해없음,보행자,남,53세,경상
2021010100100139,2021년 1월 1일 16시,금요일,대전광역시 대덕구 중리동,경상사고,0,0,1,0,차대사람 - 횡단중,보행자보호의무위반,건조,맑음,단일로 - 기타,승용,남,50세,상해없음,보행자,여,53세,경상
2021010100100176,2021년 1월 1일 18시,금요일,대전광역시 중구 용두동,경상사고,0,0,1,0,차대사람 - 횡단중,보행자보호의무위반,젖음/습기,맑음,단일로 - 기타,승용,여,51세,상해없음,보행자,여,18세,경상
2021010200100037,2021년 1월 2일 07시,토요일,대전광역시 동구 성남동,경상사고,0,0,1,0,차대사람 - 기타,안전운전불이행,서리/결빙,흐림,단일로 - 기타,승합,남,41세,상해없음,보행자,여,61세,경상
2021010200100413,2021년 1월 2일 21시,토요일,대전광역시 서구 둔산동,경상사고,0,0,1,0,차대사람 - 기타,안전운전불이행,건조,맑음,단일로 - 기타,승용,남,25세,기타불명,보행자,남,28세,경상
2021010300100242,2021년 1월 3일 22시,일요일,대전광역시 서구 내동,중상사고,0,1,0,0,차대사람 - 횡단중,안전운전불이행,건조,맑음,단일로 - 기타,이륜,남,23세,상해없음,보행자,여,73세,중상
2021010400100170,2021년 1월 4일 13시,월요일,대전광역시 유성구 상대동,경상사고,0,0,1,0,차대사람 - 횡단중,신호위반,건조,맑음,교차로 - 교차로횡단보도내,이륜,남,50세,상해없음,보행자,여,8세,경상
2021010400100248,2021년 1월 4일 16시,월요일,대전광역시 유성구 봉명동,중상사고,0,1,0,0,차대사람 - 차도통행중,안전운전불이행,건조,맑음,교차로 - 교차로안,승용,남,54세,상해없음,보행자,여,81세,중상
2021010500100038,2021년 1월 5일 07시,화요일,대전광역시 서구 복수동,중상사고,0,1,0,0,차대사람 - 기타,안전운전불이행,건조,맑음,단일로 - 기타,승용,여,48세,상해없음,보행자,남,83세,중상
2021010600100129,2021년 1월 6일 10시,수요일,대전광역시 서구 둔산동,중상사고,0,1,0,0,차대사람 - 횡단중,보행자보호의무위반,건조,맑음,교차로 - 교차로횡단보도내,승용,여,23세,상해없음,보행자,여,54세,중상
2021010600100304,2021년 1월 6일 16시,수요일,대전광역시 서구 복수동,경상사고,0,0,1,0,차대사람 - 보도통행중,안전운전불이행,건조,맑음,단일로 - 기타,승용,남,42세,상해없음,보행자,남,12세,경상
2021010600100378,2021년 1월 6일 18시,수요일,대전광역시 대덕구 중리동,경상사고,0,0,1,0,차대사람 - 횡단중,보행자보호의무위반,건조,맑음,교차로 - 교차로횡단보도내,승용,남,68세,상해없음,보행자,여,21세,경상
2021010700100315,2021년 1월 7일 18시,목요일,대전광역시 동구 용전동,경상사고,0,0,1,0,차대사람 - 기타,안전운전불이행,적설,맑음,단일로 - 기타,승용,남,64세,상해없음,보행자,남,26세,경상
2021010800100266,2021년 1월 8일 15시,금요일,대전광역시 서구 용문동,중상사고,0,1,0,0,차대사람 - 기타,안전운전불이행,건조,맑음,단일로 - 기타,승합,남,47세,상해없음,보행자,여,82세,중상
2021010800100376,2021년 1월 8일 18시,금요일,대전광역시 대덕구 중리동,경상사고,0,0,1,0,차대사람 - 기타,안전운전불이행,건조,맑음,단일로 - 기타,승용,남,51세,상해없음,보행자,여,29세,경상
2021010800100459,2021년 1월 8일 20시,금요일,대전광역시 동구 가양동,경상사고,0,0,1,0,차대사람 - 횡단중,안전운전불이행,서리/결빙,맑음,교차로 - 교차로횡단보도내,화물,남,45세,상해없음,보행자,남,24세,경상
2021010800100498,2021년 1월 8일 21시,금요일,대전광역시 유성구 노은동,경상사고,0,0,1,0,차대사람 - 횡단중,보행자보호의무위반,젖음/습기,맑음,교차로 - 교차로횡단보도내,승용,남,61세,상해없음,보행자,여,34세,경상
2021011000100334,2021년 1월 10일 21시,일요일,대전광역시 서구 월평동,중상사고,0,1,0,0,차대사람 - 기타,안전운전불이행,젖음/습기,기타,교차로 - 교차로안,승용,남,59세,상해없음,보행자,여,48세,중상
2021011100100114,2021년 1월 11일 09시,월요일,대전광역시 유성구 봉명동,경상사고,0,0,1,0,차대사람 - 기타,보행자보호의무위반,건조,흐림,교차로 - 교차로횡단보도내,승용,여,64세,상해없음,보행자,남,61세,경상
2021011100100134,2021년 1월 11일 10시,월요일,대전광역시 중구 대사동,경상사고,0,0,1,0,차대사람 - 보도통행중,보행자보호의무위반,건조,맑음,교차로 - 교차로횡단보도내,승용,남,55세,상해없음,보행자,남,83세,경상
2021011100100438,2021년 1월 11일 19시,월요일,대전광역시 중구 문화동,경상사고,0,0,1,0,차대사람 - 기타,안전운전불이행,젖음/습기,맑음,단일로 - 기타,승용,여,46세,상해없음,보행자,여,48세,경상
2021011100100479,2021년 1월 11일 20시,월요일,대전광역시 동구 삼성동,중상사고,0,1,0,0,차대사람 - 기타,안전운전불이행,건조,맑음,단일로 - 기타,승용,남,28세,상해없음,보행자,남,62세,중상
2021011200100269,2021년 1월 12일 15시,화요일,대전광역시 서구 변동,중상사고,0,1,0,0,차대사람 - 기타,안전운전불이행,건조,맑음,교차로 - 교차로부근,승합,남,53세,상해없음,보행자,여,65세,중상
2021011200100450,2021년 1월 12일 21시,화요일,대전광역시 중구 문화동,중상사고,0,1,0,0,차대사람 - 횡단중,보행자보호의무위반,젖음/습기,눈,교차로 - 교차로횡단보도내,승용,여,42세,상해없음,보행자,여,47세,중상
2021011200100451,2021년 1월 12일 21시,화요일,대전광역시 동구 성남동,경상사고,0,0,1,0,차대사람 - 횡단중,보행자보호의무위반,적설,맑음,교차로 - 교차로횡단보도내,승용,남,46세,기타불명,보행자,여,52세,경상
2021011300100276,2021년 1월 13일 15시,수요일,대전광역시 중구 태평동,경상사고,0,0,1,0,차대사람 - 기타,안전운전불이행,건조,맑음,단일로 - 기타,승용,남,63세,상해없음,보행자,남,13세,경상
2021011300100333,2021년 1월 13일 17시,수요일,대전광역시 서구 갈마동,경상사고,0,0,1,0,차대사람 - 기타,안전운전불이행,건조,맑음,단일로 - 기타,승용,남,48세,상해없음,보행자,남,48세,경상
2021011300100387,2021년 1월 13일 18시,수요일,대전광역시 중구 선화동,중상사고,0,1,0,0,차대사람 - 횡단중,안전운전불이행,건조,맑음,단일로 - 기타,이륜,남,42세,상해없음,보행자,여,61세,중상
2021011300100389,2021년 1월 13일 18시,수요일,대전광역시 동구 가양동,중상사고,0,1,0,0,차대사람 - 차도통행중,안전운전불이행,건조,맑음,교차로 - 교차로부근,승용,남,44세,상해없음,보행자,여,76세,중상
2021011300100428,2021년 1월 13일 19시,수요일,대전광역시 서구 둔산동,중상사고,0,1,0,0,차대사람 - 기타,안전운전불이행,건조,맑음,교차로 - 교차로안,승용,남,45세,상해없음,보행자,남,66세,중상
2021011400100143,2021년 1월 14일 09시,목요일,대전광역시 유성구 노은동,경상사고,0,0,1,0,차대사람 - 횡단중,신호위반,건조,맑음,교차로 - 교차로안,승용,여,44세,상해없음,보행자,여,28세,경상
2021011400100302,2021년 1월 14일 14시,목요일,대전광역시 서구 둔산동,경상사고,0,0,1,0,차대사람 - 횡단중,보행자보호의무위반,건조,맑음,교차로 - 교차로횡단보도내,승용,남,63세,기타불명,보행자,여,24세,경상
2021011500100039,2021년 1월 15일 06시,금요일,대전광역시 유성구 노은동,중상사고,0,1,0,0,차대사람 - 횡단중,보행자보호의무위반,건조,맑음,교차로 - 교차로안,승합,남,36세,상해없음,보행자,여,77세,중상
2021011500100195,2021년 1월 15일 12시,금요일,대전광역시 중구 목동,중상사고,0,1,0,1,차대사람 - 기타,보행자보호의무위반,건조,맑음,교차로 - 교차로횡단보도내,승용,여,38세,부상신고,보행자,여,55세,중상
2021011500100233,2021년 1월 15일 13시,금요일,대전광역시 서구 복수동,중상사고,0,1,0,0,차대사람 - 횡단중,보행자보호의무위반,건조,맑음,교차로 - 교차로횡단보도내,승용,남,64세,상해없음,보행자,여,68세,중상
2021011500100457,2021년 1월 15일 18시,금요일,대전광역시 유성구 노은동,중상사고,0,1,0,0,차대사람 - 횡단중,보행자보호의무위반,건조,맑음,교차로 - 교차로안,화물,남,34세,상해없음,보행자,남,55세,중상
2021011500100506,2021년 1월 15일 19시,금요일,대전광역시 대덕구 중리동,경상사고,0,0,1,0,차대사람 - 보도통행중,보행자보호의무위반,건조,맑음,교차로 - 교차로부근,승용,남,39세,상해없음,보행자,남,30세,경상
2021011600100236,2021년 1월 16일 15시,토요일,대전광역시 중구 문화동,경상사고,0,0,1,0,차대사람 - 기타,안전운전불이행,건조,맑음,교차로 - 교차로안,승용,남,68세,상해없음,보행자,남,68세,경상
2021011600100446,2021년 1월 16일 21시,토요일,대전광역시 중구 선화동,중상사고,0,1,0,0,차대사람 - 횡단중,안전운전불이행,건조,맑음,교차로 - 교차로횡단보도내,승용,남,63세,상해없음,보행자,남,57세,중상
2021011600100447,2021년 1월 16일 21시,토요일,대전광역시 서구 갈마동,경상사고,0,0,1,0,차대사람 - 길가장자리구역통행중,안전운전불이행,건조,맑음,교차로 - 교차로안,승용,남,71세,상해없음,보행자,남,24세,경상
2021011700100009,2021년 1월 17일 00시,일요일,대전광역시 서구 월평동,중상사고,0,1,0,0,차대사람 - 횡단중,보행자보호의무위반,건조,맑음,교차로 - 교차로횡단보도내,승용,남,47세,상해없음,보행자,남,60세,중상
2021011700100231,2021년 1월 17일 18시,일요일,대전광역시 중구 부사동,경상사고,0,0,1,0,차대사람 - 기타,안전운전불이행,건조,맑음,교차로 - 교차로안,승용,여,27세,상해없음,보행자,여,55세,경상
2021011700100272,2021년 1월 17일 20시,일요일,대전광역시 중구 문화동,경상사고,0,0,1,0,차대사람 - 횡단중,보행자보호의무위반,젖음/습기,눈,교차로 - 교차로안,승용,남,49세,상해없음,보행자,남,15세,경상
2021011800100066,2021년 1월 18일 08시,월요일,대전광역시 서구 가장동,중상사고,0,1,0,0,차대사람 - 기타,안전운전불이행,젖음/습기,흐림,교차로 - 교차로부근,승용,여,52세,상해없음,보행자,여,54세,중상
2021011800100113,2021년 1월 18일 10시,월요일,대전광역시 유성구 용산동,중상사고,0,1,0,0,차대사람 - 횡단중,신호위반,서리/결빙,눈,단일로 - 기타,화물,남,28세,상해없음,보행자,여,44세,중상