사고번호,사고일시,요일,시군구,사고내용,사망자수,중상자수,경상자수,부상신고자수,사고유형,법규위반,노면상태,기상상태,도로형태,가해운전자 차종,가해운전자 성별,가해운전자 연령,가해운전자 상해정도,피해운전자 차종,피해운전자 성별,피해운전자 연령,피해운전자 상해정도
2021052200100216,2021년 5월 22일 12시,토요일,대전광역시 대덕구 미호동,중상사고,0,1,0,0,차대사람 - 횡단중,안전운전불이행,건조,맑음,교차로 - 교차로안,승용,여,61세,상해없음,보행자,남,51세,중상
2021052200100358,2021년 5월 22일 15시,토요일,대전광역시 동구 원동,경상사고,0,0,1,0,차대사람 - 차도통행중,보행자보호의무위반,건조,맑음,교차로 - 교차로안,승용,남,54세,상해없음,보행자,남,44세,경상
2021052200100359,2021년 5월 22일 15시,토요일,대전광역시 유성구 도룡동,중상사고,0,1,0,0,차대사람 - 기타,안전운전불이행,건조,맑음,단일로 - 기타,승용,여,37세,상해없음,보행자,여,78세,중상
2021052200100399,2021년 5월 22일 16시,토요일,대전광역시 동구 자양동,경상사고,0,0,1,0,차대사람 - 기타,안전운전불이행,건조,맑음,기타 - 기타,승용,남,54세,상해없음,보행자,여,53세,경상
2021052200100401,2021년 5월 22일 16시,토요일,대전광역시 서구 가장동,경상사고,0,0,1,0,차대사람 - 기타,안전운전불이행,건조,맑음,단일로 - 기타,기타불명,기타불명,미분류,기타불명,보행자,남,2세,경상
2021052200100444,2021년 5월 22일 17시,토요일,대전광역시 서구 도마동,경상사고,0,0,1,0,차대사람 - 횡단중,안전운전불이행,건조,맑음,단일로 - 기타,승용,남,64세,상해없음,보행자,남,73세,경상
2021052200100591,2021년 5월 22일 22시,토요일,대전광역시 서구 둔산동,경상사고,0,0,1,0,차대사람 - 기타,안전운전불이행,건조,맑음,교차로 - 교차로안,승용,남,20세,상해없음,보행자,여,25세,경상
2021052300100235,2021년 5월 23일 15시,일요일,대전광역시 중구 은행동,중상사고,0,1,0,0,차대사람 - 기타,안전운전불이행,건조,맑음,단일로 - 기타,승용,남,50세,기타불명,보행자,남,42세,중상
2021052400100091,2021년 5월 24일 08시,월요일,대전광역시 서구 도안동,경상사고,0,0,1,0,차대사람 - 기타,안전운전불이행,건조,맑음,교차로 - 교차로부근,건설기계,남,46세,기타불명,보행자,남,45세,경상
2021052400100376,2021년 5월 24일 16시,월요일,대전광역시 유성구 장대동,중상사고,0,1,0,0,차대사람 - 횡단중,보행자보호의무위반,건조,맑음,교차로 - 교차로안,화물,여,53세,상해없음,보행자,남,8세,중상
2021052500100180,2021년 5월 25일 10시,화요일,대전광역시 중구 태평동,경상사고,0,0,1,0,차대사람 - 기타,안전운전불이행,건조,맑음,기타 - 기타,개인형이동수단(PM),남,30세,상해없음,보행자,여,70세,경상
2021052500100348,2021년 5월 25일 15시,화요일,대전광역시 서구 둔산동,경상사고,0,0,1,0,차대사람 - 기타,안전운전불이행,건조,맑음,기타 - 기타,승용,남,59세,상해없음,보행자,남,47세,경상
2021052500100544,2021년 5월 25일 20시,화요일,대전광역시 동구 원동,중상사고,0,1,0,0,차대사람 - 횡단중,안전운전불이행,건조,맑음,기타 - 기타,승용,여,31세,상해없음,보행자,남,64세,중상
2021052600100162,2021년 5월 26일 10시,수요일,대전광역시 서구 도안동,중상사고,0,1,0,0,차대사람 - 기타,안전운전불이행,건조,맑음,단일로 - 기타,자전거,남,26세,상해없음,보행자,여,64세,중상
2021052600100390,2021년 5월 26일 17시,수요일,대전광역시 중구 유천동,경상사고,0,0,1,0,차대사람 - 보도통행중,안전운전불이행,건조,맑음,단일로 - 기타,자전거,여,55세,상해없음,보행자,여,63세,경상
2021052600100391,2021년 5월 26일 17시,수요일,대전광역시 서구 복수동,경상사고,0,0,1,0,차대사람 - 횡단중,안전운전불이행,건조,맑음,단일로 - 기타,승용,남,40세,상해없음,보행자,여,10세,경상
2021052600100393,2021년 5월 26일 17시,수요일,대전광역시 서구 둔산동,중상사고,0,1,0,0,차대사람 - 기타,안전운전불이행,건조,맑음,단일로 - 기타,승용,남,50세,상해없음,보행자,여,58세,중상
2021052700100163,2021년 5월 27일 10시,목요일,대전광역시 서구 탄방동,경상사고,0,0,1,0,차대사람 - 횡단중,보행자보호의무위반,젖음/습기,비,교차로 - 교차로부근,승용,남,53세,상해없음,보행자,여,61세,경상
2021052700100331,2021년 5월 27일 15시,목요일,대전광역시 대덕구 오정동,중상사고,0,1,0,0,차대사람 - 횡단중,안전운전불이행,건조,맑음,교차로 - 교차로안,화물,남,48세,상해없음,보행자,남,64세,중상
2021052700100403,2021년 5월 27일 17시,목요일,대전광역시 대덕구 대화동,경상사고,0,0,1,0,차대사람 - 기타,안전운전불이행,건조,맑음,단일로 - 기타,승용,남,69세,상해없음,보행자,여,19세,경상
2021052800100119,2021년 5월 28일 08시,금요일,대전광역시 동구 용운동,경상사고,0,0,1,0,차대사람 - 길가장자리구역통행중,보행자보호의무위반,건조,맑음,단일로 - 기타,승용,여,34세,상해없음,보행자,여,53세,경상
2021052800100171,2021년 5월 28일 10시,금요일,대전광역시 중구 중촌동,중상사고,0,1,0,0,차대사람 - 횡단중,안전운전불이행,젖음/습기,비,교차로 - 교차로안,화물,남,61세,상해없음,보행자,여,54세,중상
2021052800100276,2021년 5월 28일 13시,금요일,대전광역시 중구 대사동,경상사고,0,0,1,0,차대사람 - 차도통행중,안전운전불이행,젖음/습기,비,단일로 - 기타,승용,남,72세,상해없음,보행자,남,55세,경상
2021052800100345,2021년 5월 28일 15시,금요일,대전광역시 서구 복수동,중상사고,0,1,0,0,차대사람 - 기타,안전운전불이행,건조,맑음,단일로 - 기타,이륜,남,40세,기타불명,보행자,여,69세,중상
2021052800100484,2021년 5월 28일 18시,금요일,대전광역시 서구 월평동,중상사고,0,1,0,0,차대사람 - 횡단중,안전운전불이행,건조,맑음,단일로 - 기타,승용,여,42세,상해없음,보행자,남,12세,중상
2021052800100582,2021년 5월 28일 21시,금요일,대전광역시 유성구 어은동,중상사고,0,1,0,0,차대사람 - 보도통행중,보행자보호의무위반,건조,맑음,교차로 - 교차로횡단보도내,승용,남,63세,상해없음,보행자,여,84세,중상
2021052800100604,2021년 5월 28일 22시,금요일,대전광역시 유성구 장대동,경상사고,0,0,1,0,차대사람 - 횡단중,안전운전불이행,건조,맑음,단일로 - 기타,승용,여,64세,상해없음,보행자,남,33세,경상
2021052900100033,2021년 5월 29일 03시,토요일,대전광역시 서구 둔산동,경상사고,0,0,1,0,차대사람 - 보도통행중,기타,건조,맑음,기타 - 기타,이륜,남,18세,상해없음,보행자,남,21세,경상
2021052900100510,2021년 5월 29일 20시,토요일,대전광역시 서구 정림동,경상사고,0,0,1,0,차대사람 - 기타,안전운전불이행,건조,맑음,단일로 - 기타,승용,남,33세,상해없음,보행자,남,27세,경상
2021052900100533,2021년 5월 29일 21시,토요일,대전광역시 서구 괴정동,경상사고,0,0,1,0,차대사람 - 차도통행중,안전운전불이행,건조,맑음,단일로 - 기타,승용,남,22세,상해없음,보행자,여,28세,경상
2021053000100038,2021년 5월 30일 06시,일요일,대전광역시 서구 둔산동,경상사고,0,0,1,0,차대사람 - 길가장자리구역통행중,안전운전불이행,건조,맑음,단일로 - 기타,승용,남,19세,기타불명,보행자,여,18세,경상
2021053000100480,2021년 5월 30일 22시,일요일,대전광역시 서구 갈마동,경상사고,0,0,1,0,차대사람 - 기타,안전운전불이행,젖음/습기,비,교차로 - 교차로부근,승용,남,30세,상해없음,보행자,남,33세,경상
2021053100100492,2021년 5월 31일 20시,월요일,대전광역시 동구 용전동,중상사고,0,1,1,0,차대차 - 측면충돌,직진우회전진행방해,건조,맑음,교차로 - 교차로안,승용,남,54세,상해없음,이륜,남,24세,경상
2021060100100150,2021년 6월 1일 09시,화요일,대전광역시 서구 관저동,중상사고,0,1,0,0,차대사람 - 횡단중,보행자보호의무위반,건조,맑음,단일로 - 기타,승용,여,28세,상해없음,보행자,여,73세,중상
2021060100100204,2021년 6월 1일 11시,화요일,대전광역시 서구 도마동,경상사고,0,0,1,0,차대사람 - 기타,안전운전불이행,건조,맑음,기타 - 기타,특수,남,26세,상해없음,보행자,여,59세,경상
2021060100100406,2021년 6월 1일 16시,화요일,대전광역시 유성구 구암동,경상사고,0,0,1,0,차대사람 - 기타,보행자보호의무위반,건조,맑음,교차로 - 교차로안,승용,여,60세,상해없음,보행자,여,68세,경상
2021060100100407,2021년 6월 1일 16시,화요일,대전광역시 유성구 관평동,중상사고,0,1,0,0,차대사람 - 횡단중,안전운전불이행,건조,맑음,단일로 - 기타,승용,여,48세,상해없음,보행자,남,13세,중상
2021060100100586,2021년 6월 1일 21시,화요일,대전광역시 서구 월평동,경상사고,0,0,1,0,차대사람 - 보도통행중,보행자보호의무위반,건조,맑음,단일로 - 기타,화물,남,60세,상해없음,보행자,남,40세,경상
2021060200100103,2021년 6월 2일 08시,수요일,대전광역시 유성구 봉명동,경상사고,0,0,1,0,차대사람 - 기타,안전운전불이행,건조,맑음,기타 - 기타,승용,남,66세,상해없음,보행자,여,27세,경상
2021060200100135,2021년 6월 2일 09시,수요일,대전광역시 서구 둔산동,경상사고,0,0,1,0,차대사람 - 기타,안전운전불이행,건조,맑음,교차로 - 교차로안,화물,남,66세,상해없음,보행자,남,75세,경상
2021060200100529,2021년 6월 2일 19시,수요일,대전광역시 서구 월평동,중상사고,0,1,0,0,차대사람 - 횡단중,보행자보호의무위반,건조,맑음,교차로 - 교차로횡단보도내,이륜,남,30세,상해없음,보행자,여,58세,중상
2021060300100382,2021년 6월 3일 17시,목요일,대전광역시 유성구 신성동,중상사고,0,1,0,0,차대사람 - 기타,안전운전불이행,젖음/습기,비,교차로 - 교차로부근,승용,남,59세,상해없음,보행자,여,10세,중상
2021060300100384,2021년 6월 3일 17시,목요일,대전광역시 유성구 궁동,경상사고,0,0,1,0,차대사람 - 횡단중,안전운전불이행,젖음/습기,비,교차로 - 교차로안,승용,남,41세,상해없음,보행자,여,20세,경상
2021060300100522,2021년 6월 3일 20시,목요일,대전광역시 유성구 덕명동,중상사고,0,2,3,0,차대사람 - 기타,안전운전불이행,젖음/습기,비,단일로 - 기타,승용,남,50세,상해없음,보행자,남,26세,중상
2021060400100214,2021년 6월 4일 11시,금요일,대전광역시 서구 둔산동,중상사고,0,1,0,0,차대사람 - 보도통행중,보행자보호의무위반,건조,맑음,교차로 - 교차로안,승용,남,62세,상해없음,보행자,여,21세,중상
2021060400100541,2021년 6월 4일 18시,금요일,대전광역시 대덕구 송촌동,경상사고,0,0,1,0,차대사람 - 보도통행중,기타,건조,맑음,기타 - 기타,승용,남,60세,상해없음,보행자,여,24세,경상
2021060500100043,2021년 6월 5일 03시,토요일,대전광역시 서구 둔산동,경상사고,0,0,1,0,차대사람 - 기타,안전운전불이행,건조,맑음,단일로 - 기타,승용,남,18세,상해없음,보행자,여,20세,경상
2021060500100593,2021년 6월 5일 22시,토요일,대전광역시 서구 둔산동,경상사고,0,0,1,0,차대사람 - 차도통행중,안전운전불이행,건조,맑음,단일로 - 기타,승용,남,47세,상해없음,보행자,남,27세,경상
2021060600100051,2021년 6월 6일 06시,일요일,대전광역시 서구 변동,경상사고,0,0,1,0,차대사람 - 기타,안전운전불이행,건조,맑음,교차로 - 교차로부근,승용,남,33세,상해없음,보행자,여,70세,경상
2021060700100152,2021년 6월 7일 10시,월요일,대전광역시 유성구 장대동,경상사고,0,0,1,0,차대사람 - 기타,안전운전불이행,건조,맑음,기타 - 기타,승용,여,56세,상해없음,보행자,여,39세,경상
2021060700100387,2021년 6월 7일 16시,월요일,대전광역시 서구 둔산동,경상사고,0,0,1,0,차대사람 - 횡단중,신호위반,건조,맑음,교차로 - 교차로안,승용,남,66세,상해없음,보행자,여,27세,경상
2021060800100206,2021년 6월 8일 11시,화요일,대전광역시 서구 갈마동,중상사고,0,1,0,0,차대사람 - 횡단중,보행자보호의무위반,건조,맑음,교차로 - 교차로횡단보도내,승용,여,55세,상해없음,보행자,여,78세,중상
2021060900100435,2021년 6월 9일 17시,수요일,대전광역시 대덕구 송촌동,경상사고,0,0,1,0,차대사람 - 기타,안전운전불이행,건조,맑음,단일로 - 기타,승용,여,56세,기타불명,보행자,여,12세,경상
2021061000100004,2021년 6월 10일 00시,목요일,대전광역시 서구 둔산동,경상사고,0,0,1,0,차대사람 - 길가장자리구역통행중,안전운전불이행,건조,맑음,단일로 - 기타,승용,여,18세,상해없음,보행자,남,35세,경상
2021061000100148,2021년 6월 10일 09시,목요일,대전광역시 대덕구 오정동,경상사고,0,0,1,0,차대사람 - 기타,안전운전불이행,건조,맑음,교차로 - 교차로안,승용,남,74세,상해없음,보행자,남,41세,경상
2021061000100287,2021년 6월 10일 13시,목요일,대전광역시 서구 도마동,경상사고,0,0,1,0,차대사람 - 기타,안전운전불이행,건조,맑음,단일로 - 기타,승용,여,38세,상해없음,보행자,여,23세,경상
2021061000100498,2021년 6월 10일 18시,목요일,대전광역시 유성구 지족동,중상사고,0,1,0,0,차대사람 - 기타,안전운전불이행,건조,맑음,기타 - 기타,자전거,남,15세,상해없음,보행자,여,55세,중상
2021061100100434,2021년 6월 11일 17시,금요일,대전광역시 유성구 계산동,중상사고,0,1,0,0,차대사람 - 횡단중,기타,건조,맑음,교차로 - 교차로부근,승용,여,57세,상해없음,보행자,남,6세,중상
2021061200100203,2021년 6월 12일 11시,토요일,대전광역시 중구 은행동,중상사고,0,1,0,0,차대사람 - 기타,안전운전불이행,젖음/습기,맑음,교차로 - 교차로부근,이륜,남,22세,상해없음,보행자,남,11세,중상
2021061200100524,2021년 6월 12일 19시,토요일,대전광역시 대덕구 석봉동,경상사고,0,0,1,0,차대사람 - 횡단중,신호위반,건조,맑음,교차로 - 교차로횡단보도내,이륜,남,23세,상해없음,보행자,여,40세,경상
2021061300100448,2021년 6월 13일 21시,일요일,대전광역시 유성구 노은동,중상사고,0,1,0,0,차대사람 - 횡단중,신호위반,건조,맑음,단일로 - 기타,승용,여,30세,상해없음,보행자,여,16세,중상
2021061400100288,2021년 6월 14일 13시,월요일,대전광역시 유성구 봉명동,중상사고,0,1,0,0,차대사람 - 기타,안전운전불이행,건조,맑음,기타 - 기타,승용,남,48세,상해없음,보행자,남,61세,중상
2021061400100326,2021년 6월 14일 14시,월요일,대전광역시 서구 도안동,중상사고,0,1,0,0,차대사람 - 횡단중,안전운전불이행,건조,맑음,단일로 - 기타,승용,남,68세,상해없음,보행자,남,8세,중상
2021061500100187,2021년 6월 15일 11시,화요일,대전광역시 유성구 장대동,경상사고,0,0,1,0,차대사람 - 기타,안전운전불이행,건조,맑음,단일로 - 기타,화물,남,47세,상해없음,보행자,남,73세,경상
2021061500100374,2021년 6월 15일 16시,화요일,대전광역시 유성구 어은동,경상사고,0,0,1,0,차대사람 - 기타,신호위반,건조,맑음,단일로 - 기타,승용,남,59세,상해없음,보행자,남,48세,경상
2021061600100349,2021년 6월 16일 15시,수요일,대전광역시 서구 내동,경상사고,0,0,2,0,차대사람 - 횡단중,안전운전불이행,건조,맑음,기타 - 기타,자전거,남,15세,경상,보행자,여,45세,경상
2021061600100520,2021년 6월 16일 19시,수요일,대전광역시 유성구 봉명동,경상사고,0,0,1,0,차대사람 - 기타,안전운전불이행,건조,맑음,단일로 - 기타,승용,남,38세,상해없음,보행자,남,54세,경상
2021061700100008,2021년 6월 17일 00시,목요일,대전광역시 서구 도안동,중상사고,0,1,0,0,차대사람 - 횡단중,안전운전불이행,건조,맑음,교차로 - 교차로횡단보도내,승용,여,58세,상해없음,보행자,남,17세,중상
2021061800100476,2021년 6월 18일 19시,금요일,대전광역시 서구 괴정동,경상사고,0,0,1,0,차대사람 - 횡단중,보행자보호의무위반,건조,맑음,교차로 - 교차로횡단보도내,승용,남,29세,상해없음,보행자,남,14세,경상
2021061900100041,2021년 6월 19일 03시,토요일,대전광역시 서구 둔산동,중상사고,0,1,0,0,차대사람 - 기타,안전운전불이행,건조,맑음,단일로 - 기타,승용,남,25세,상해없음,보행자,남,20세,중상
2021061900100060,2021년 6월 19일 05시,토요일,대전광역시 동구 용전동,중상사고,0,1,0,0,차대사람 - 기타,안전운전불이행,건조,맑음,기타 - 기타,화물,남,29세,상해없음,보행자,남,69세,중상
2021061900100243,2021년 6월 19일 12시,토요일,대전광역시 중구 문창동,경상사고,0,0,1,0,차대사람 - 기타,안전운전불이행,건조,맑음,단일로 - 기타,승용,남,59세,상해없음,보행자,여,53세,경상
2021061900100595,2021년 6월 19일 21시,토요일,대전광역시 유성구 덕명동,중상사고,0,1,0,0,차대사람 - 횡단중,안전운전불이행,건조,맑음,단일로 - 기타,승용,남,23세,상해없음,보행자,남,4세,중상
2021062000100028,2021년 6월 20일 02시,일요일,대전광역시 중구 대흥동,경상사고,0,0,1,0,차대사람 - 기타,안전운전불이행,건조,맑음,교차로 - 교차로안,승용,남,35세,상해없음,보행자,남,20세,경상
2021062000100465,2021년 6월 20일 21시,일요일,대전광역시 유성구 관평동,경상사고,0,0,1,0,차대사람 - 횡단중,안전운전불이행,건조,맑음,교차로 - 교차로부근,이륜,남,24세,기타불명,보행자,여,57세,경상
2021062100100374,2021년 6월 21일 15시,월요일,대전광역시 대덕구 비래동,중상사고,0,1,0,0,차대사람 - 횡단중,안전운전불이행,건조,맑음,교차로 - 교차로부근,승용,남,34세,상해없음,보행자,여,81세,중상
2021062100100481,2021년 6월 21일 17시,월요일,대전광역시 서구 월평동,중상사고,0,1,0,0,차대사람 - 기타,안전운전불이행,건조,맑음,교차로 - 교차로안,승용,남,32세,상해없음,보행자,남,57세,중상
2021062100100617,2021년 6월 21일 21시,월요일,대전광역시 서구 둔산동,경상사고,0,0,1,0,차대사람 - 기타,안전운전불이행,건조,기타,단일로 - 기타,승용,여,54세,상해없음,보행자,남,30세,경상
2021062200100112,2021년 6월 22일 08시,화요일,대전광역시 동구 천동,중상사고,0,1,0,0,차대사람 - 횡단중,보행자보호의무위반,건조,맑음,교차로 - 교차로횡단보도내,승용,여,52세,상해없음,보행자,여,29세,중상
2021062200100113,2021년 6월 22일 08시,화요일,대전광역시 유성구 원내동,중상사고,0,1,0,0,차대사람 - 기타,기타,건조,맑음,단일로 - 기타,승합,남,59세,상해없음,보행자,여,53세,중상
2021062200100146,2021년 6월 22일 09시,화요일,대전광역시 중구 중촌동,중상사고,0,1,0,0,차대사람 - 기타,보행자보호의무위반,건조,맑음,단일로 - 기타,승용,남,41세,상해없음,보행자,여,65세,중상
2021062200100148,2021년 6월 22일 09시,화요일,대전광역시 동구 용운동,중상사고,0,1,0,0,차대사람 - 횡단중,안전운전불이행,건조,맑음,교차로 - 교차로부근,승합,남,26세,상해없음,보행자,여,83세,중상
2021062200100357,2021년 6월 22일 15시,화요일,대전광역시 대덕구 덕암동,중상사고,0,1,0,0,차대사람 - 횡단중,보행자보호의무위반,건조,맑음,교차로 - 교차로부근,화물,남,59세,상해없음,보행자,여,70세,중상
2021062200100466,2021년 6월 22일 18시,화요일,대전광역시 서구 둔산동,경상사고,0,0,1,0,차대사람 - 기타,안전운전불이행,건조,맑음,단일로 - 기타,승용,여,39세,상해없음,보행자,여,32세,경상
2021062200100490,2021년 6월 22일 19시,화요일,대전광역시 중구 문화동,경상사고,0,0,1,0,차대사람 - 횡단중,안전운전불이행,건조,맑음,단일로 - 기타,승용,여,46세,상해없음,보행자,남,63세,경상
2021062200100554,2021년 6월 22일 21시,화요일,대전광역시 동구 판암동,경상사고,0,0,1,0,차대사람 - 기타,안전운전불이행,건조,맑음,단일로 - 기타,승용,남,71세,상해없음,보행자,남,48세,경상
2021062200100581,2021년 6월 22일 23시,화요일,대전광역시 서구 관저동,경상사고,0,0,1,0,차대사람 - 횡단중,신호위반,건조,맑음,교차로 - 교차로부근,승용,남,31세,상해없음,보행자,남,52세,경상
2021062300100094,2021년 6월 23일 08시,수요일,대전광역시 서구 갈마동,경상사고,0,0,1,0,차대사람 - 횡단중,안전운전불이행,건조,맑음,단일로 - 기타,승용,남,36세,상해없음,보행자,남,64세,경상
2021062300100181,2021년 6월 23일 11시,수요일,대전광역시 서구 내동,중상사고,0,1,0,0,차대사람 - 횡단중,신호위반,건조,맑음,단일로 - 기타,승합,남,52세,상해없음,보행자,여,61세,중상
2021062300100543,2021년 6월 23일 22시,수요일,대전광역시 유성구 봉명동,경상사고,0,0,1,0,차대사람 - 횡단중,보행자보호의무위반,건조,맑음,교차로 - 교차로횡단보도내,승용,남,44세,상해없음,보행자,여,32세,경상
2021062400100126,2021년 6월 24일 08시,목요일,대전광역시 유성구 신성동,경상사고,0,0,1,0,차대사람 - 기타,보행자보호의무위반,건조,맑음,단일로 - 기타,승용,여,21세,상해없음,보행자,남,15세,경상
2021062500100114,2021년 6월 25일 08시,금요일,대전광역시 서구 둔산동,경상사고,0,0,1,0,차대사람 - 기타,안전운전불이행,건조,맑음,교차로 - 교차로부근,승용,남,64세,상해없음,보행자,여,13세,경상
2021062500100158,2021년 6월 25일 09시,금요일,대전광역시 동구 삼성동,중상사고,0,1,0,0,차대사람 - 차도통행중,안전운전불이행,건조,맑음,단일로 - 기타,승용,남,32세,상해없음,보행자,여,75세,중상
2021062500100188,2021년 6월 25일 10시,금요일,대전광역시 중구 유천동,중상사고,0,1,0,0,차대사람 - 기타,보행자보호의무위반,건조,맑음,교차로 - 교차로안,화물,남,52세,상해없음,보행자,남,63세,중상
2021062500100610,2021년 6월 25일 20시,금요일,대전광역시 서구 가수원동,중상사고,0,1,0,0,차대사람 - 횡단중,안전운전불이행,건조,맑음,교차로 - 교차로부근,화물,남,52세,상해없음,보행자,여,39세,중상
2021062600100136,2021년 6월 26일 09시,토요일,대전광역시 중구 산성동,경상사고,0,0,1,0,차대사람 - 기타,안전운전불이행,건조,맑음,단일로 - 기타,승용,기타불명,미분류,기타불명,보행자,여,70세,경상
2021062600100421,2021년 6월 26일 17시,토요일,대전광역시 서구 월평동,경상사고,0,0,1,0,차대사람 - 기타,보행자보호의무위반,건조,맑음,교차로 - 교차로횡단보도내,승용,여,42세,상해없음,보행자,여,41세,경상
2021062600100535,2021년 6월 26일 20시,토요일,대전광역시 중구 용두동,경상사고,0,0,1,0,차대사람 - 횡단중,보행자보호의무위반,건조,맑음,교차로 - 교차로안,승용,여,59세,상해없음,보행자,여,25세,경상
2021062600100568,2021년 6월 26일 21시,토요일,대전광역시 서구 탄방동,중상사고,0,1,0,0,차대사람 - 횡단중,안전운전불이행,건조,맑음,단일로 - 기타,이륜,남,24세,상해없음,보행자,여,58세,중상
2021062700100044,2021년 6월 27일 02시,일요일,대전광역시 중구 유천동,경상사고,0,0,1,0,차대사람 - 기타,안전운전불이행,건조,맑음,기타 - 기타,승용,남,23세,상해없음,보행자,남,20세,경상
2021062700100191,2021년 6월 27일 12시,일요일,대전광역시 서구 도마동,중상사고,0,1,0,0,차대사람 - 기타,안전운전불이행,건조,맑음,교차로 - 교차로안,승용,남,39세,상해없음,보행자,남,79세,중상
2021062800100303,2021년 6월 28일 13시,월요일,대전광역시 유성구 봉명동,경상사고,0,0,1,0,차대사람 - 기타,기타,건조,맑음,단일로 - 기타,자전거,남,60세,상해없음,보행자,여,41세,경상
2021062800100526,2021년 6월 28일 18시,월요일,대전광역시 동구 가양동,경상사고,0,0,1,0,차대사람 - 횡단중,안전운전불이행,건조,맑음,교차로 - 교차로안,화물,남,53세,상해없음,보행자,남,39세,경상
2021062800100527,2021년 6월 28일 18시,월요일,대전광역시 대덕구 중리동,경상사고,0,0,1,0,차대사람 - 차도통행중,안전운전불이행,건조,맑음,단일로 - 기타,승용,여,49세,기타불명,보행자,여,30세,경상
2021062800100617,2021년 6월 28일 21시,월요일,대전광역시 동구 가양동,경상사고,0,0,1,0,차대사람 - 횡단중,안전운전불이행,건조,맑음,단일로 - 기타,승용,여,61세,상해없음,보행자,여,59세,경상
2021062900100109,2021년 6월 29일 08시,화요일,대전광역시 서구 괴정동,경상사고,0,0,1,0,차대사람 - 횡단중,신호위반,건조,맑음,교차로 - 교차로횡단보도내,승용,여,51세,상해없음,보행자,여,13세,경상
2021062900100236,2021년 6월 29일 12시,화요일,대전광역시 서구 둔산동,사망사고,1,0,0,0,차대사람 - 길가장자리구역통행중,안전운전불이행,건조,맑음,단일로 - 기타,승용,여,75세,상해없음,보행자,여,81세,사망
2021062900100461,2021년 6월 29일 17시,화요일,대전광역시 대덕구 법동,경상사고,0,0,1,0,차대사람 - 기타,안전운전불이행,건조,맑음,교차로 - 교차로부근,자전거,여,50세,상해없음,보행자,여,73세,경상
2021062900100611,2021년 6월 29일 21시,화요일,대전광역시 유성구 봉명동,경상사고,0,0,1,0,차대사람 - 기타,안전운전불이행,건조,맑음,단일로 - 기타,승용,여,27세,상해없음,보행자,남,34세,경상
2021063000100176,2021년 6월 30일 10시,수요일,대전광역시 동구 판암동,중상사고,0,1,0,0,차대사람 - 보도통행중,보행자보호의무위반,건조,맑음,교차로 - 교차로횡단보도내,승용,여,35세,상해없음,보행자,여,71세,중상
2021070100100214,2021년 7월 1일 11시,목요일,대전광역시 유성구 도룡동,중상사고,0,1,0,0,차대사람 - 기타,보행자보호의무위반,건조,맑음,단일로 - 기타,승용,여,34세,상해없음,보행자,여,68세,중상
2021070200100407,2021년 7월 2일 16시,금요일,대전광역시 중구 부사동,경상사고,0,0,1,0,차대사람 - 길가장자리구역통행중,안전운전불이행,건조,맑음,단일로 - 기타,승합,남,43세,상해없음,보행자,여,87세,경상
2021070200100409,2021년 7월 2일 16시,금요일,대전광역시 서구 월평동,경상사고,0,0,1,0,차대사람 - 기타,불법유턴,건조,맑음,단일로 - 기타,승용,남,55세,상해없음,보행자,남,26세,경상
2021070200100671,2021년 7월 2일 21시,금요일,대전광역시 유성구 관평동,사망사고,1,2,0,0,차대사람 - 횡단중,기타,건조,맑음,교차로 - 교차로안,승용,남,37세,중상,보행자,남,51세,사망
2021070300100088,2021년 7월 3일 08시,토요일,대전광역시 서구 갈마동,경상사고,0,0,1,0,차대사람 - 기타,보행자보호의무위반,건조,맑음,교차로 - 교차로횡단보도내,승용,남,69세,기타불명,보행자,여,55세,경상
2021070300100258,2021년 7월 3일 13시,토요일,대전광역시 서구 도안동,중상사고,0,1,2,0,차대사람 - 횡단중,보행자보호의무위반,젖음/습기,비,교차로 - 교차로횡단보도내,승용,여,42세,상해없음,보행자,여,30세,중상
2021070300100300,2021년 7월 3일 14시,토요일,대전광역시 동구 가양동,경상사고,0,0,1,0,차대사람 - 기타,신호위반,건조,맑음,단일로 - 기타,승용,남,52세,상해없음,보행자,여,28세,경상
2021070300100506,2021년 7월 3일 19시,토요일,대전광역시 서구 둔산동,경상사고,0,0,1,0,차대사람 - 횡단중,보행자보호의무위반,젖음/습기,비,교차로 - 교차로횡단보도내,승용,남,50세,상해없음,보행자,남,27세,경상
2021070300100550,2021년 7월 3일 20시,토요일,대전광역시 동구 자양동,경상사고,0,0,1,0,차대사람 - 횡단중,신호위반,젖음/습기,비,교차로 - 교차로안,이륜,남,20세,상해없음,보행자,남,24세,경상
2021070300100665,2021년 7월 3일 23시,토요일,대전광역시 대덕구 중리동,경상사고,0,0,1,0,차대사람 - 횡단중,보행자보호의무위반,젖음/습기,비,교차로 - 교차로횡단보도내,승용,남,18세,상해없음,보행자,남,59세,경상
2021070400100024,2021년 7월 4일 00시,일요일,대전광역시 중구 중촌동,사망사고,1,1,0,0,차대사람 - 횡단중,기타,젖음/습기,비,교차로 - 교차로안,승용,남,50세,상해없음,보행자,여,69세,사망
2021070500100017,2021년 7월 5일 04시,월요일,대전광역시 서구 가장동,중상사고,0,1,0,0,차대사람 - 횡단중,신호위반,건조,맑음,교차로 - 교차로안,승용,남,61세,상해없음,보행자,남,77세,중상